taxid,species_taxid,species_name,assembly_accession,source_category,tar_file,member_name,summary_source,refseq_category,assembly_level,genome_size_bp,available_tokens,gc_content,n_fraction,ftp_path,domain,superkingdom,kingdom,phylum,class,order,family,genus,species,full_lineage,human_distance_rank,major_group
1940296,1940296,Xylariales sp. PMI_506,GCA_021365275.1,ncbi_eukaryotic_genomes,fasta/ncbi_eukaryotic_genomes/batch65.tar,batch65/GCA_021365275.1.fasta.gz,genbank,na,Contig,51304718,51304718,0.505,0.0,https://ftp.ncbi.nlm.nih.gov/genomes/all/GCA/021/365/275/GCA_021365275.1_XylPMI506/,Eukaryota,,Fungi,Ascomycota,Sordariomycetes,Xylariales,,,Xylariales sp. PMI_506,root|cellular organisms|Eukaryota|Opisthokonta|Fungi|Dikarya|Ascomycota|saccharomyceta|Pezizomycotina|leotiomyceta|sordariomyceta|Sordariomycetes|Xylariomycetidae|Xylariales|unclassified Xylariales|Xylariales sp. PMI_506,7,fungus
65598,65598,Bombus pascuorum,GCF_905332965.1,ncbi_eukaryotic_genomes,fasta/ncbi_eukaryotic_genomes/batch86.tar,batch86/GCF_905332965.1.fasta.gz,refseq,reference genome,Chromosome,307548333,307548333,0.36,0.0,https://ftp.ncbi.nlm.nih.gov/genomes/all/GCF/905/332/965/GCF_905332965.1_iyBomPasc1.1/,Eukaryota,,Metazoa,Arthropoda,Insecta,Hymenoptera,Apidae,Bombus,Bombus pascuorum,root|cellular organisms|Eukaryota|Opisthokonta|Metazoa|Eumetazoa|Bilateria|Protostomia|Ecdysozoa|Panarthropoda|Arthropoda|Mandibulata|Pancrustacea|Altocrustacea|Allotriocarida|Hexapoda|Insecta|Dicondylia|Pterygota|Neoptera|Eumetabola|Endopterygota|Hymenoptera|Apocrita|Aculeata|Apoidea|Anthophila|Apidae|Apinae|Bombini|Bombus|Thoracobombus|Bombus pascuorum,6,invertebrate_animal
467774,467774,Emmelina monodactyla,GCA_916618145.1,ncbi_eukaryotic_genomes,fasta/ncbi_eukaryotic_genomes/batch36.tar,batch36/GCA_916618145.1.fasta.gz,genbank,reference genome,Chromosome,312395474,312395474,0.36,0.0,https://ftp.ncbi.nlm.nih.gov/genomes/all/GCA/916/618/145/GCA_916618145.1_ilEmmMono1.1/,Eukaryota,,Metazoa,Arthropoda,Insecta,Lepidoptera,Pterophoridae,Emmelina,Emmelina monodactyla,root|cellular organisms|Eukaryota|Opisthokonta|Metazoa|Eumetazoa|Bilateria|Protostomia|Ecdysozoa|Panarthropoda|Arthropoda|Mandibulata|Pancrustacea|Altocrustacea|Allotriocarida|Hexapoda|Insecta|Dicondylia|Pterygota|Neoptera|Eumetabola|Endopterygota|Aparaglossata|Panorpida|Amphiesmenoptera|Lepidoptera|Glossata|Neolepidoptera|Heteroneura|Ditrysia|Obtectomera|Pterophoroidea|Pterophoridae|Pterophorinae|Emmelina|Emmelina monodactyla,6,invertebrate_animal
101996,101996,Plantago coronopus,GCA_036897195.1,ncbi_eukaryotic_genomes,fasta/ncbi_eukaryotic_genomes/batch22.tar,batch22/GCA_036897195.1.fasta.gz,genbank,na,Contig,315546295,315546295,0.37,0.0,https://ftp.ncbi.nlm.nih.gov/genomes/all/GCA/036/897/195/GCA_036897195.1_ASM3689719v1/,Eukaryota,,Viridiplantae,Streptophyta,Magnoliopsida,Lamiales,Plantaginaceae,Plantago,Plantago coronopus,root|cellular organisms|Eukaryota|Viridiplantae|Streptophyta|Streptophytina|Embryophyta|Tracheophyta|Euphyllophyta|Spermatophyta|Magnoliopsida|Mesangiospermae|eudicotyledons|Gunneridae|Pentapetalae|asterids|lamiids|Lamiales|Plantaginaceae|Plantagineae|Plantago|Plantago coronopus,7,plant
135455,135455,[Candida] peoriensis,GCA_030574875.1,ncbi_eukaryotic_genomes,fasta/ncbi_eukaryotic_genomes/batch9.tar,batch9/GCA_030574875.1.fasta.gz,genbank,reference genome,Scaffold,13477378,13477378,0.345,0.0,https://ftp.ncbi.nlm.nih.gov/genomes/all/GCA/030/574/875/GCA_030574875.1_ASM3057487v1/,Eukaryota,,Fungi,Ascomycota,Saccharomycetes,Phaffomycetales,Wickerhamomycetaceae,Wickerhamomyces,[Candida] peoriensis,root|cellular organisms|Eukaryota|Opisthokonta|Fungi|Dikarya|Ascomycota|saccharomyceta|Saccharomycotina|Saccharomycetes|Phaffomycetales|Wickerhamomycetaceae|Wickerhamomyces|Wickerhamomyces/Candida clade|[Candida] peoriensis,7,fungus
214988,214988,Siderastrea radians,GCA_964017195.1,ncbi_eukaryotic_genomes,fasta/ncbi_eukaryotic_genomes/batch57.tar,batch57/GCA_964017195.1.fasta.gz,genbank,reference genome,Chromosome,807191999,807191999,0.4,0.0,https://ftp.ncbi.nlm.nih.gov/genomes/all/GCA/964/017/195/GCA_964017195.1_jaSidRadi1.1/,Eukaryota,,Metazoa,Cnidaria,Anthozoa,Scleractinia,Rhizangiidae,Siderastrea,Siderastrea radians,root|cellular organisms|Eukaryota|Opisthokonta|Metazoa|Eumetazoa|Cnidaria|Anthozoa|Hexacorallia|Scleractinia|Refertina|Rhizangiidae|Siderastrea|Siderastrea radians,6,invertebrate_animal
987975,987975,Lycophotia porphyrea,GCA_950005105.1,ncbi_eukaryotic_genomes,fasta/ncbi_eukaryotic_genomes/batch2.tar,batch2/GCA_950005105.1.fasta.gz,genbank,reference genome,Chromosome,542404843,542404843,0.385,0.0,https://ftp.ncbi.nlm.nih.gov/genomes/all/GCA/950/005/105/GCA_950005105.1_ilLycPorp1.1/,Eukaryota,,Metazoa,Arthropoda,Insecta,Lepidoptera,Noctuidae,Lycophotia,Lycophotia porphyrea,root|cellular organisms|Eukaryota|Opisthokonta|Metazoa|Eumetazoa|Bilateria|Protostomia|Ecdysozoa|Panarthropoda|Arthropoda|Mandibulata|Pancrustacea|Altocrustacea|Allotriocarida|Hexapoda|Insecta|Dicondylia|Pterygota|Neoptera|Eumetabola|Endopterygota|Aparaglossata|Panorpida|Amphiesmenoptera|Lepidoptera|Glossata|Neolepidoptera|Heteroneura|Ditrysia|Obtectomera|Noctuoidea|Noctuidae|Noctuinae|Noctuini|Lycophotia|Lycophotia porphyrea,6,invertebrate_animal
2590036,2590036,Micromonas sp. SAG7,GCA_009618165.1,ncbi_eukaryotic_genomes,fasta/ncbi_eukaryotic_genomes/batch36.tar,batch36/GCA_009618165.1.fasta.gz,genbank,na,Contig,609943,609943,0.415,0.0,https://ftp.ncbi.nlm.nih.gov/genomes/all/GCA/009/618/165/GCA_009618165.1_ASM961816v1/,Eukaryota,,Viridiplantae,Chlorophyta,Mamiellophyceae,Mamiellales,Mamiellaceae,Micromonas,Micromonas sp. SAG7,root|cellular organisms|Eukaryota|Viridiplantae|Chlorophyta|Mamiellophyceae|Mamiellales|Mamiellaceae|Micromonas|unclassified Micromonas|Micromonas sp. SAG7,7,plant
45794,45794,Sporopachydermia lactativora,GCA_030579575.1,ncbi_eukaryotic_genomes,fasta/ncbi_eukaryotic_genomes/batch66.tar,batch66/GCA_030579575.1.fasta.gz,genbank,reference genome,Scaffold,16076262,16076262,0.445,0.0,https://ftp.ncbi.nlm.nih.gov/genomes/all/GCA/030/579/575/GCA_030579575.1_ASM3057957v1/,Eukaryota,,Fungi,Ascomycota,Sporopachydermiomycetes,Sporopachydermiales,Sporopachydermiaceae,Sporopachydermia,Sporopachydermia lactativora,root|cellular organisms|Eukaryota|Opisthokonta|Fungi|Dikarya|Ascomycota|saccharomyceta|Saccharomycotina|Sporopachydermiomycetes|Sporopachydermiales|Sporopachydermiaceae|Sporopachydermia|Sporopachydermia lactativora,7,fungus
302527,302527,Syrrhaptes paradoxus,GCA_013400615.1,ncbi_eukaryotic_genomes,fasta/ncbi_eukaryotic_genomes/batch52.tar,batch52/GCA_013400615.1.fasta.gz,genbank,reference genome,Scaffold,1101528155,1101528155,0.425,0.0,https://ftp.ncbi.nlm.nih.gov/genomes/all/GCA/013/400/615/GCA_013400615.1_ASM1340061v1/,Eukaryota,,Metazoa,Chordata,Aves,Pterocliformes,Pteroclidae,Syrrhaptes,Syrrhaptes paradoxus,root|cellular organisms|Eukaryota|Opisthokonta|Metazoa|Eumetazoa|Bilateria|Deuterostomia|Chordata|Craniata|Vertebrata|Gnathostomata|Teleostomi|Euteleostomi|Sarcopterygii|Dipnotetrapodomorpha|Tetrapoda|Amniota|Sauropsida|Sauria|Archelosauria|Archosauria|Dinosauria|Saurischia|Theropoda|Coelurosauria|Aves|Neognathae|Neoaves|Columbimorphae|Pterocliformes|Pteroclidae|Syrrhaptes|Syrrhaptes paradoxus,5,non_mammal_vertebrate
601510,601510,Nomada fabriciana,GCA_907165295.1,ncbi_eukaryotic_genomes,fasta/ncbi_eukaryotic_genomes/batch13.tar,batch13/GCA_907165295.1.fasta.gz,genbank,reference genome,Chromosome,233584371,233584371,0.415,0.0,https://ftp.ncbi.nlm.nih.gov/genomes/all/GCA/907/165/295/GCA_907165295.1_iyNomFabr1.1/,Eukaryota,,Metazoa,Arthropoda,Insecta,Hymenoptera,Apidae,Nomada,Nomada fabriciana,root|cellular organisms|Eukaryota|Opisthokonta|Metazoa|Eumetazoa|Bilateria|Protostomia|Ecdysozoa|Panarthropoda|Arthropoda|Mandibulata|Pancrustacea|Altocrustacea|Allotriocarida|Hexapoda|Insecta|Dicondylia|Pterygota|Neoptera|Eumetabola|Endopterygota|Hymenoptera|Apocrita|Aculeata|Apoidea|Anthophila|Apidae|Nomadinae|Nomadini|Nomada|Nomada fabriciana,6,invertebrate_animal
1771980,1771980,Aureobasidium sp. P6,GCA_003992365.1,ncbi_eukaryotic_genomes,fasta/ncbi_eukaryotic_genomes/batch5.tar,batch5/GCA_003992365.1.fasta.gz,genbank,na,Scaffold,24634378,24634378,0.505,0.0,https://ftp.ncbi.nlm.nih.gov/genomes/all/GCA/003/992/365/GCA_003992365.1_ASM399236v1/,Eukaryota,,Fungi,Ascomycota,Dothideomycetes,Dothideales,Saccotheciaceae,Aureobasidium,Aureobasidium sp. P6,root|cellular organisms|Eukaryota|Opisthokonta|Fungi|Dikarya|Ascomycota|saccharomyceta|Pezizomycotina|leotiomyceta|dothideomyceta|Dothideomycetes|Dothideomycetidae|Dothideales|Saccotheciaceae|Aureobasidium|unclassified Aureobasidium|Aureobasidium sp. P6,7,fungus
2857063,2857063,Exophiala sp. HKRS030,GCA_023897205.1,ncbi_eukaryotic_genomes,fasta/ncbi_eukaryotic_genomes/batch35.tar,batch35/GCA_023897205.1.fasta.gz,genbank,na,Scaffold,60189741,60189741,0.5,0.0,https://ftp.ncbi.nlm.nih.gov/genomes/all/GCA/023/897/205/GCA_023897205.1_ASM2389720v1/,Eukaryota,,Fungi,Ascomycota,Eurotiomycetes,Chaetothyriales,Herpotrichiellaceae,Exophiala,Exophiala sp. HKRS030,root|cellular organisms|Eukaryota|Opisthokonta|Fungi|Dikarya|Ascomycota|saccharomyceta|Pezizomycotina|leotiomyceta|Eurotiomycetes|Chaetothyriomycetidae|Chaetothyriales|Herpotrichiellaceae|Exophiala|unclassified Exophiala|Exophiala sp. HKRS030,7,fungus
1560151,1560151,Stenopsyche tienmushanensis,GCA_008973525.1,ncbi_eukaryotic_genomes,fasta/ncbi_eukaryotic_genomes/batch62.tar,batch62/GCA_008973525.1.fasta.gz,genbank,reference genome,Contig,451494475,451494475,0.34,0.0,https://ftp.ncbi.nlm.nih.gov/genomes/all/GCA/008/973/525/GCA_008973525.1_ASM897352v1/,Eukaryota,,Metazoa,Arthropoda,Insecta,Trichoptera,Stenopsychidae,Stenopsyche,Stenopsyche tienmushanensis,root|cellular organisms|Eukaryota|Opisthokonta|Metazoa|Eumetazoa|Bilateria|Protostomia|Ecdysozoa|Panarthropoda|Arthropoda|Mandibulata|Pancrustacea|Altocrustacea|Allotriocarida|Hexapoda|Insecta|Dicondylia|Pterygota|Neoptera|Eumetabola|Endopterygota|Aparaglossata|Panorpida|Amphiesmenoptera|Trichoptera|Annulipalpia|Philopotamoidea|Stenopsychidae|Stenopsychinae|Stenopsyche|Stenopsyche tienmushanensis,6,invertebrate_animal
2892824,2892824,Diplodinium flabellum,GCA_023806845.1,ncbi_eukaryotic_genomes,fasta/ncbi_eukaryotic_genomes/batch58.tar,batch58/GCA_023806845.1.fasta.gz,genbank,reference genome,Contig,93840686,93840686,0.195,0.0,https://ftp.ncbi.nlm.nih.gov/genomes/all/GCA/023/806/845/GCA_023806845.1_ASM2380684v1/,Eukaryota,,,Ciliophora,Litostomatea,Entodiniomorphida,Ophryoscolecidae,Diplodinium,Diplodinium flabellum,root|cellular organisms|Eukaryota|Sar|Alveolata|Ciliophora|Intramacronucleata|Litostomatea|Trichostomatia|Entodiniomorphida|Ophryoscolecidae|Diplodinium|Diplodinium flabellum,7,protist_other_eukaryote
2820187,2820187,Bolinopsis microptera,GCF_026151205.1,ncbi_eukaryotic_genomes,fasta/ncbi_eukaryotic_genomes/batch36.tar,batch36/GCF_026151205.1.fasta.gz,refseq,reference genome,Chromosome,265435384,265435384,0.385,0.0,https://ftp.ncbi.nlm.nih.gov/genomes/all/GCF/026/151/205/GCF_026151205.1_MBARI_Bmic_1.0/,Eukaryota,,Metazoa,Ctenophora,Tentaculata,Lobata,Bolinopsidae,Bolinopsis,Bolinopsis microptera,root|cellular organisms|Eukaryota|Opisthokonta|Metazoa|Eumetazoa|Ctenophora|Tentaculata|Lobata|Bolinopsidae|Bolinopsis|Bolinopsis microptera,6,invertebrate_animal
9767,9767,Balaenoptera acutorostrata,GCF_949987535.1,ncbi_eukaryotic_genomes,fasta/ncbi_eukaryotic_genomes/batch43.tar,batch43/GCF_949987535.1.fasta.gz,refseq,reference genome,Chromosome,2772885358,2772885358,0.415,0.0,https://ftp.ncbi.nlm.nih.gov/genomes/all/GCF/949/987/535/GCF_949987535.1_mBalAcu1.1/,Eukaryota,,Metazoa,Chordata,Mammalia,Artiodactyla,Balaenopteridae,Balaenoptera,Balaenoptera acutorostrata,root|cellular organisms|Eukaryota|Opisthokonta|Metazoa|Eumetazoa|Bilateria|Deuterostomia|Chordata|Craniata|Vertebrata|Gnathostomata|Teleostomi|Euteleostomi|Sarcopterygii|Dipnotetrapodomorpha|Tetrapoda|Amniota|Mammalia|Theria|Eutheria|Boreoeutheria|Laurasiatheria|Artiodactyla|Whippomorpha|Cetacea|Mysticeti|Balaenopteridae|Balaenoptera|Balaenoptera acutorostrata,4,non_primate_mammal
3059160,3059160,Somion occarium,GCA_964035595.1,ncbi_eukaryotic_genomes,fasta/ncbi_eukaryotic_genomes/batch43.tar,batch43/GCA_964035595.1.fasta.gz,genbank,reference genome,Chromosome,30870404,30870404,0.48,0.0,https://ftp.ncbi.nlm.nih.gov/genomes/all/GCA/964/035/595/GCA_964035595.1_gfSpoDele1/,Eukaryota,,Fungi,Basidiomycota,Agaricomycetes,Polyporales,Cerrenaceae,Somion,Somion occarium,root|cellular organisms|Eukaryota|Opisthokonta|Fungi|Dikarya|Basidiomycota|Agaricomycotina|Agaricomycetes|Agaricomycetes incertae sedis|Polyporales|Cerrenaceae|Somion|Somion occarium,7,fungus
1507873,1507873,Rachicladosporium monterosium,GCA_035927975.1,ncbi_eukaryotic_genomes,fasta/ncbi_eukaryotic_genomes/batch3.tar,batch3/GCA_035927975.1.fasta.gz,genbank,reference genome,Scaffold,22095319,22095319,0.565,0.0,https://ftp.ncbi.nlm.nih.gov/genomes/all/GCA/035/927/975/GCA_035927975.1_ASM3592797v1/,Eukaryota,,Fungi,Ascomycota,Dothideomycetes,Cladosporiales,Cladosporiaceae,Rachicladosporium,Rachicladosporium monterosium,root|cellular organisms|Eukaryota|Opisthokonta|Fungi|Dikarya|Ascomycota|saccharomyceta|Pezizomycotina|leotiomyceta|dothideomyceta|Dothideomycetes|Dothideomycetidae|Cladosporiales|Cladosporiaceae|Rachicladosporium|Rachicladosporium monterosium,7,fungus
235389,235389,Pseudomugil gertrudae,GCA_037177535.1,ncbi_eukaryotic_genomes,fasta/ncbi_eukaryotic_genomes/batch24.tar,batch24/GCA_037177535.1.fasta.gz,genbank,reference genome,Scaffold,805440264,805440264,0.38,0.0,https://ftp.ncbi.nlm.nih.gov/genomes/all/GCA/037/177/535/GCA_037177535.1_ASM3717753v1/,Eukaryota,,Metazoa,Chordata,Actinopteri,Atheriniformes,Pseudomugilidae,Pseudomugil,Pseudomugil gertrudae,root|cellular organisms|Eukaryota|Opisthokonta|Metazoa|Eumetazoa|Bilateria|Deuterostomia|Chordata|Craniata|Vertebrata|Gnathostomata|Teleostomi|Euteleostomi|Actinopterygii|Actinopteri|Neopterygii|Teleostei|Osteoglossocephalai|Clupeocephala|Euteleosteomorpha|Neoteleostei|Eurypterygia|Ctenosquamata|Acanthomorphata|Euacanthomorphacea|Percomorphaceae|Ovalentaria|Atherinomorphae|Atheriniformes|Pseudomugilidae|Pseudomugil|Pseudomugil gertrudae,5,non_mammal_vertebrate
295201,295201,Aphrophora alni,GCA_963513935.1,ncbi_eukaryotic_genomes,fasta/ncbi_eukaryotic_genomes/batch21.tar,batch21/GCA_963513935.1.fasta.gz,genbank,reference genome,Chromosome,1781497363,1781497363,0.315,0.0,https://ftp.ncbi.nlm.nih.gov/genomes/all/GCA/963/513/935/GCA_963513935.1_ihAphAlni3.1/,Eukaryota,,Metazoa,Arthropoda,Insecta,Hemiptera,Aphrophoridae,Aphrophora,Aphrophora alni,root|cellular organisms|Eukaryota|Opisthokonta|Metazoa|Eumetazoa|Bilateria|Protostomia|Ecdysozoa|Panarthropoda|Arthropoda|Mandibulata|Pancrustacea|Altocrustacea|Allotriocarida|Hexapoda|Insecta|Dicondylia|Pterygota|Neoptera|Eumetabola|Paraneoptera|Hemiptera|Auchenorrhyncha|Cicadomorpha|Cercopoidea|Aphrophoridae|Aphrophora|Aphrophora alni,6,invertebrate_animal
1344566,1344566,Epichloe sp. AL9924,GCA_000729825.1,ncbi_eukaryotic_genomes,fasta/ncbi_eukaryotic_genomes/batch52.tar,batch52/GCA_000729825.1.fasta.gz,genbank,na,Contig,36169561,36169561,0.44,0.0,https://ftp.ncbi.nlm.nih.gov/genomes/all/GCA/000/729/825/GCA_000729825.1_EpichlAL9924_10/,Eukaryota,,Fungi,Ascomycota,Sordariomycetes,Hypocreales,Clavicipitaceae,Epichloe,Epichloe sp. AL9924,root|cellular organisms|Eukaryota|Opisthokonta|Fungi|Dikarya|Ascomycota|saccharomyceta|Pezizomycotina|leotiomyceta|sordariomyceta|Sordariomycetes|Hypocreomycetidae|Hypocreales|Clavicipitaceae|Epichloe|unclassified Epichloe|Epichloe sp. AL9924,7,fungus
122810,122810,Lagerstroemia speciosa,GCA_037672795.1,ncbi_eukaryotic_genomes,fasta/ncbi_eukaryotic_genomes/batch17.tar,batch17/GCA_037672795.1.fasta.gz,genbank,reference genome,Chromosome,306758153,306758153,0.395,0.0,https://ftp.ncbi.nlm.nih.gov/genomes/all/GCA/037/672/795/GCA_037672795.1_ASM3767279v1/,Eukaryota,,Viridiplantae,Streptophyta,Magnoliopsida,Myrtales,Lythraceae,Lagerstroemia,Lagerstroemia speciosa,root|cellular organisms|Eukaryota|Viridiplantae|Streptophyta|Streptophytina|Embryophyta|Tracheophyta|Euphyllophyta|Spermatophyta|Magnoliopsida|Mesangiospermae|eudicotyledons|Gunneridae|Pentapetalae|rosids|malvids|Myrtales|Lythraceae|Lagerstroemia|Lagerstroemia speciosa,7,plant
241073,241073,Vitis hybrid cultivar,GCA_022058775.1,ncbi_eukaryotic_genomes,fasta/ncbi_eukaryotic_genomes/batch23.tar,batch23/GCA_022058775.1.fasta.gz,genbank,na,Scaffold,610844476,610844476,0.35,0.0,https://ftp.ncbi.nlm.nih.gov/genomes/all/GCA/022/058/775/GCA_022058775.1_Chambourcin/,Eukaryota,,Viridiplantae,Streptophyta,Magnoliopsida,Vitales,Vitaceae,Vitis,Vitis hybrid cultivar,root|cellular organisms|Eukaryota|Viridiplantae|Streptophyta|Streptophytina|Embryophyta|Tracheophyta|Euphyllophyta|Spermatophyta|Magnoliopsida|Mesangiospermae|eudicotyledons|Gunneridae|Pentapetalae|rosids|rosids incertae sedis|Vitales|Vitaceae|Viteae|Vitis|unclassified Vitis|Vitis hybrid cultivar,7,plant
1818021,1818021,Teratosphaeria viscida,GCA_020826765.1,ncbi_eukaryotic_genomes,fasta/ncbi_eukaryotic_genomes/batch83.tar,batch83/GCA_020826765.1.fasta.gz,genbank,reference genome,Scaffold,37647901,37647901,0.49,0.0,https://ftp.ncbi.nlm.nih.gov/genomes/all/GCA/020/826/765/GCA_020826765.1_ASM2082676v1/,Eukaryota,,Fungi,Ascomycota,Dothideomycetes,Mycosphaerellales,Teratosphaeriaceae,Teratosphaeria,Teratosphaeria viscida,root|cellular organisms|Eukaryota|Opisthokonta|Fungi|Dikarya|Ascomycota|saccharomyceta|Pezizomycotina|leotiomyceta|dothideomyceta|Dothideomycetes|Dothideomycetidae|Mycosphaerellales|Teratosphaeriaceae|Teratosphaeria|Teratosphaeria viscida,7,fungus
3893,132459,Pueraria montana var. lobata,GCA_026413185.1,ncbi_eukaryotic_genomes,fasta/ncbi_eukaryotic_genomes/batch78.tar,batch78/GCA_026413185.1.fasta.gz,genbank,reference genome,Chromosome,939214006,939214006,0.335,0.0,https://ftp.ncbi.nlm.nih.gov/genomes/all/GCA/026/413/185/GCA_026413185.1_ASM2641318v1/,Eukaryota,,Viridiplantae,Streptophyta,Magnoliopsida,Fabales,Fabaceae,Pueraria,Pueraria montana,root|cellular organisms|Eukaryota|Viridiplantae|Streptophyta|Streptophytina|Embryophyta|Tracheophyta|Euphyllophyta|Spermatophyta|Magnoliopsida|Mesangiospermae|eudicotyledons|Gunneridae|Pentapetalae|rosids|fabids|Fabales|Fabaceae|Papilionoideae|50 kb inversion clade|NPAAA clade|indigoferoid/millettioid clade|Phaseoleae|Pueraria|Pueraria montana|Pueraria montana var. lobata,7,plant
45318,45318,Tetragonia tetragonoides,GCA_038025085.1,ncbi_eukaryotic_genomes,fasta/ncbi_eukaryotic_genomes/batch35.tar,batch35/GCA_038025085.1.fasta.gz,genbank,na,Chromosome,759901867,759901867,0.385,0.0,https://ftp.ncbi.nlm.nih.gov/genomes/all/GCA/038/025/085/GCA_038025085.1_ASM3802508v1/,Eukaryota,,Viridiplantae,Streptophyta,Magnoliopsida,Caryophyllales,Aizoaceae,Tetragonia,Tetragonia tetragonoides,root|cellular organisms|Eukaryota|Viridiplantae|Streptophyta|Streptophytina|Embryophyta|Tracheophyta|Euphyllophyta|Spermatophyta|Magnoliopsida|Mesangiospermae|eudicotyledons|Gunneridae|Pentapetalae|Caryophyllales|Aizoaceae|Tetragonia|Tetragonia tetragonoides,7,plant
279440,279440,Sisyra nigra,GCA_958496155.1,ncbi_eukaryotic_genomes,fasta/ncbi_eukaryotic_genomes/batch10.tar,batch10/GCA_958496155.1.fasta.gz,genbank,reference genome,Chromosome,372592344,372592344,0.305,0.0,https://ftp.ncbi.nlm.nih.gov/genomes/all/GCA/958/496/155/GCA_958496155.1_inSisNigr1.1/,Eukaryota,,Metazoa,Arthropoda,Insecta,Neuroptera,Sisyridae,Sisyra,Sisyra nigra,root|cellular organisms|Eukaryota|Opisthokonta|Metazoa|Eumetazoa|Bilateria|Protostomia|Ecdysozoa|Panarthropoda|Arthropoda|Mandibulata|Pancrustacea|Altocrustacea|Allotriocarida|Hexapoda|Insecta|Dicondylia|Pterygota|Neoptera|Eumetabola|Endopterygota|Aparaglossata|Neuropteroidea|Neuropterida|Neuroptera|Hemerobiiformia|Sisyridae|Sisyra|Sisyra nigra,6,invertebrate_animal
59289,59289,Crucihimalaya himalaica,GCA_004349715.1,ncbi_eukaryotic_genomes,fasta/ncbi_eukaryotic_genomes/batch89.tar,batch89/GCA_004349715.1.fasta.gz,genbank,na,Scaffold,234721433,234721433,0.365,0.0,https://ftp.ncbi.nlm.nih.gov/genomes/all/GCA/004/349/715/GCA_004349715.1_ASM434971v1/,Eukaryota,,Viridiplantae,Streptophyta,Magnoliopsida,Brassicales,Brassicaceae,Crucihimalaya,Crucihimalaya himalaica,root|cellular organisms|Eukaryota|Viridiplantae|Streptophyta|Streptophytina|Embryophyta|Tracheophyta|Euphyllophyta|Spermatophyta|Magnoliopsida|Mesangiospermae|eudicotyledons|Gunneridae|Pentapetalae|rosids|malvids|Brassicales|Brassicaceae|Crucihimalayeae|Crucihimalaya|Crucihimalaya himalaica,7,plant
1107321,1107321,Aspergillus hortae,GCA_032158085.1,ncbi_eukaryotic_genomes,fasta/ncbi_eukaryotic_genomes/batch42.tar,batch42/GCA_032158085.1.fasta.gz,genbank,reference genome,Scaffold,31114527,31114527,0.52,0.0,https://ftp.ncbi.nlm.nih.gov/genomes/all/GCA/032/158/085/GCA_032158085.1_CIB_AhMCA8_1.0/,Eukaryota,,Fungi,Ascomycota,Eurotiomycetes,Eurotiales,Aspergillaceae,Aspergillus,Aspergillus hortae,root|cellular organisms|Eukaryota|Opisthokonta|Fungi|Dikarya|Ascomycota|saccharomyceta|Pezizomycotina|leotiomyceta|Eurotiomycetes|Eurotiomycetidae|Eurotiales|Aspergillaceae|Aspergillus|Circumdati|Aspergillus hortae,7,fungus
96551,96551,Tuberolachnus salignus,GCA_956483605.1,ncbi_eukaryotic_genomes,fasta/ncbi_eukaryotic_genomes/batch74.tar,batch74/GCA_956483605.1.fasta.gz,genbank,reference genome,Chromosome,456750849,456750849,0.32,0.0,https://ftp.ncbi.nlm.nih.gov/genomes/all/GCA/956/483/605/GCA_956483605.1_ihTubSali1.1/,Eukaryota,,Metazoa,Arthropoda,Insecta,Hemiptera,Aphididae,Tuberolachnus,Tuberolachnus salignus,root|cellular organisms|Eukaryota|Opisthokonta|Metazoa|Eumetazoa|Bilateria|Protostomia|Ecdysozoa|Panarthropoda|Arthropoda|Mandibulata|Pancrustacea|Altocrustacea|Allotriocarida|Hexapoda|Insecta|Dicondylia|Pterygota|Neoptera|Eumetabola|Paraneoptera|Hemiptera|Sternorrhyncha|Aphidomorpha|Aphidoidea|Aphididae|Lachninae|Tuberolachnus|Tuberolachnus salignus,6,invertebrate_animal
1048955,1048955,Tothia fuscella,GCA_010583015.1,ncbi_eukaryotic_genomes,fasta/ncbi_eukaryotic_genomes/batch3.tar,batch3/GCA_010583015.1.fasta.gz,genbank,reference genome,Scaffold,36781754,36781754,0.465,0.0,https://ftp.ncbi.nlm.nih.gov/genomes/all/GCA/010/583/015/GCA_010583015.1_Totfu1/,Eukaryota,,Fungi,Ascomycota,Dothideomycetes,Venturiales,Cylindrosympodiaceae,Tothia,Tothia fuscella,root|cellular organisms|Eukaryota|Opisthokonta|Fungi|Dikarya|Ascomycota|saccharomyceta|Pezizomycotina|leotiomyceta|dothideomyceta|Dothideomycetes|Pleosporomycetidae|Venturiales|Cylindrosympodiaceae|Tothia|Tothia fuscella,7,fungus
169445,169445,Dryomyza anilis,GCA_951804985.1,ncbi_eukaryotic_genomes,fasta/ncbi_eukaryotic_genomes/batch77.tar,batch77/GCA_951804985.1.fasta.gz,genbank,reference genome,Chromosome,656604018,656604018,0.31,0.0,https://ftp.ncbi.nlm.nih.gov/genomes/all/GCA/951/804/985/GCA_951804985.1_idDryAnil2.1/,Eukaryota,,Metazoa,Arthropoda,Insecta,Diptera,Dryomyzidae,Dryomyza,Dryomyza anilis,root|cellular organisms|Eukaryota|Opisthokonta|Metazoa|Eumetazoa|Bilateria|Protostomia|Ecdysozoa|Panarthropoda|Arthropoda|Mandibulata|Pancrustacea|Altocrustacea|Allotriocarida|Hexapoda|Insecta|Dicondylia|Pterygota|Neoptera|Eumetabola|Endopterygota|Aparaglossata|Panorpida|Diptera|Brachycera|Muscomorpha|Eremoneura|Cyclorrhapha|Schizophora|Acalyptratae|Sciomyzoidea|Dryomyzidae|Dryomyza|Dryomyza anilis,6,invertebrate_animal
100826,100826,Scolopax rusticola,GCA_028565315.1,ncbi_eukaryotic_genomes,fasta/ncbi_eukaryotic_genomes/batch58.tar,batch58/GCA_028565315.1.fasta.gz,genbank,na,Scaffold,1109114366,1109114366,0.415,0.0,https://ftp.ncbi.nlm.nih.gov/genomes/all/GCA/028/565/315/GCA_028565315.1_ASM2856531v1/,Eukaryota,,Metazoa,Chordata,Aves,Charadriiformes,Scolopacidae,Scolopax,Scolopax rusticola,root|cellular organisms|Eukaryota|Opisthokonta|Metazoa|Eumetazoa|Bilateria|Deuterostomia|Chordata|Craniata|Vertebrata|Gnathostomata|Teleostomi|Euteleostomi|Sarcopterygii|Dipnotetrapodomorpha|Tetrapoda|Amniota|Sauropsida|Sauria|Archelosauria|Archosauria|Dinosauria|Saurischia|Theropoda|Coelurosauria|Aves|Neognathae|Neoaves|Charadriiformes|Scolopacidae|Scolopax|Scolopax rusticola,5,non_mammal_vertebrate
86257,86257,Venturia carpophila,GCA_014858625.1,ncbi_eukaryotic_genomes,fasta/ncbi_eukaryotic_genomes/batch38.tar,batch38/GCA_014858625.1.fasta.gz,genbank,reference genome,Contig,35867442,35867442,0.48,0.0,https://ftp.ncbi.nlm.nih.gov/genomes/all/GCA/014/858/625/GCA_014858625.1_ASM1485862v1/,Eukaryota,,Fungi,Ascomycota,Dothideomycetes,Venturiales,Venturiaceae,Venturia,Venturia carpophila,root|cellular organisms|Eukaryota|Opisthokonta|Fungi|Dikarya|Ascomycota|saccharomyceta|Pezizomycotina|leotiomyceta|dothideomyceta|Dothideomycetes|Pleosporomycetidae|Venturiales|Venturiaceae|Venturia|Venturia carpophila,7,fungus
54687,54687,Rutstroemia sydowiana,GCA_000812895.1,ncbi_eukaryotic_genomes,fasta/ncbi_eukaryotic_genomes/batch10.tar,batch10/GCA_000812895.1.fasta.gz,genbank,reference genome,Contig,51994176,51994176,0.43,0.0,https://ftp.ncbi.nlm.nih.gov/genomes/all/GCA/000/812/895/GCA_000812895.1_ASM81289v1/,Eukaryota,,Fungi,Ascomycota,Leotiomycetes,Helotiales,Rutstroemiaceae,Rutstroemia,Rutstroemia sydowiana,root|cellular organisms|Eukaryota|Opisthokonta|Fungi|Dikarya|Ascomycota|saccharomyceta|Pezizomycotina|leotiomyceta|sordariomyceta|Leotiomycetes|Helotiales|Rutstroemiaceae|Rutstroemia|Rutstroemia sydowiana,7,fungus
601995,601995,Entodinium longinucleatum,GCA_023897235.1,ncbi_eukaryotic_genomes,fasta/ncbi_eukaryotic_genomes/batch58.tar,batch58/GCA_023897235.1.fasta.gz,genbank,reference genome,Contig,71734826,71734826,0.22,0.0,https://ftp.ncbi.nlm.nih.gov/genomes/all/GCA/023/897/235/GCA_023897235.1_ASM2389723v1/,Eukaryota,,,Ciliophora,Litostomatea,Entodiniomorphida,Ophryoscolecidae,Entodinium,Entodinium longinucleatum,root|cellular organisms|Eukaryota|Sar|Alveolata|Ciliophora|Intramacronucleata|Litostomatea|Trichostomatia|Entodiniomorphida|Ophryoscolecidae|Entodinium|Entodinium longinucleatum,7,protist_other_eukaryote
178772,178772,Empis livida,GCA_963932195.1,ncbi_eukaryotic_genomes,fasta/ncbi_eukaryotic_genomes/batch39.tar,batch39/GCA_963932195.1.fasta.gz,genbank,reference genome,Chromosome,291246278,291246278,0.245,0.0,https://ftp.ncbi.nlm.nih.gov/genomes/all/GCA/963/932/195/GCA_963932195.1_idEmpLivi1.1/,Eukaryota,,Metazoa,Arthropoda,Insecta,Diptera,Empididae,Empis,Empis livida,root|cellular organisms|Eukaryota|Opisthokonta|Metazoa|Eumetazoa|Bilateria|Protostomia|Ecdysozoa|Panarthropoda|Arthropoda|Mandibulata|Pancrustacea|Altocrustacea|Allotriocarida|Hexapoda|Insecta|Dicondylia|Pterygota|Neoptera|Eumetabola|Endopterygota|Aparaglossata|Panorpida|Diptera|Brachycera|Muscomorpha|Eremoneura|Empidoidea|Empididae|Empidinae|Empis|Empis livida,6,invertebrate_animal
2729038,2729038,Nyleta sp. ZL-2020,GCA_022817225.1,ncbi_eukaryotic_genomes,fasta/ncbi_eukaryotic_genomes/batch80.tar,batch80/GCA_022817225.1.fasta.gz,genbank,na,Scaffold,156238710,156238710,0.365,0.0,https://ftp.ncbi.nlm.nih.gov/genomes/all/GCA/022/817/225/GCA_022817225.1_ASM2281722v1/,Eukaryota,,Metazoa,Arthropoda,Insecta,Hymenoptera,Scelionidae,Nyleta,Nyleta sp. ZL-2020,root|cellular organisms|Eukaryota|Opisthokonta|Metazoa|Eumetazoa|Bilateria|Protostomia|Ecdysozoa|Panarthropoda|Arthropoda|Mandibulata|Pancrustacea|Altocrustacea|Allotriocarida|Hexapoda|Insecta|Dicondylia|Pterygota|Neoptera|Eumetabola|Endopterygota|Hymenoptera|Apocrita|Proctotrupomorpha|Platygastroidea|Scelionidae|Scelioninae|Nyleta|unclassified Nyleta|Nyleta sp. ZL-2020,6,invertebrate_animal
314114,314114,Arthrobotrys pseudoclavata,GCA_036971205.1,ncbi_eukaryotic_genomes,fasta/ncbi_eukaryotic_genomes/batch63.tar,batch63/GCA_036971205.1.fasta.gz,genbank,reference genome,Scaffold,35129598,35129598,0.46,0.0,https://ftp.ncbi.nlm.nih.gov/genomes/all/GCA/036/971/205/GCA_036971205.1_ASM3697120v1/,Eukaryota,,Fungi,Ascomycota,Orbiliomycetes,Orbiliales,Orbiliaceae,Arthrobotrys,Arthrobotrys pseudoclavata,root|cellular organisms|Eukaryota|Opisthokonta|Fungi|Dikarya|Ascomycota|saccharomyceta|Pezizomycotina|Orbiliomycetes|Orbiliales|Orbiliaceae|Arthrobotrys|Arthrobotrys pseudoclavata,7,fungus
296773,296773,Geukensia granosissima,GCA_032357055.1,ncbi_eukaryotic_genomes,fasta/ncbi_eukaryotic_genomes/batch65.tar,batch65/GCA_032357055.1.fasta.gz,genbank,reference genome,Scaffold,1176168485,1176168485,0.33,0.0,https://ftp.ncbi.nlm.nih.gov/genomes/all/GCA/032/357/055/GCA_032357055.1_ASM3235705v1/,Eukaryota,,Metazoa,Mollusca,Bivalvia,Mytilida,Mytilidae,Geukensia,Geukensia granosissima,root|cellular organisms|Eukaryota|Opisthokonta|Metazoa|Eumetazoa|Bilateria|Protostomia|Spiralia|Lophotrochozoa|Mollusca|Bivalvia|Autobranchia|Pteriomorphia|Mytilida|Mytiloidea|Mytilidae|Brachidontinae|Geukensia|Geukensia granosissima,6,invertebrate_animal
4072,4072,Capsicum annuum,GCF_002878395.1,ncbi_eukaryotic_genomes,fasta/ncbi_eukaryotic_genomes/batch43.tar,batch43/GCF_002878395.1.fasta.gz,refseq,reference genome,Chromosome,3211819707,3211819707,0.35,0.0,https://ftp.ncbi.nlm.nih.gov/genomes/all/GCF/002/878/395/GCF_002878395.1_UCD10Xv1.1/,Eukaryota,,Viridiplantae,Streptophyta,Magnoliopsida,Solanales,Solanaceae,Capsicum,Capsicum annuum,root|cellular organisms|Eukaryota|Viridiplantae|Streptophyta|Streptophytina|Embryophyta|Tracheophyta|Euphyllophyta|Spermatophyta|Magnoliopsida|Mesangiospermae|eudicotyledons|Gunneridae|Pentapetalae|asterids|lamiids|Solanales|Solanaceae|Solanoideae|Capsiceae|Capsicum|Capsicum annuum,7,plant
30054,30054,Zaprionus inermis,GCA_018151445.1,ncbi_eukaryotic_genomes,fasta/ncbi_eukaryotic_genomes/batch67.tar,batch67/GCA_018151445.1.fasta.gz,genbank,reference genome,Contig,149549994,149549994,0.42,0.0,https://ftp.ncbi.nlm.nih.gov/genomes/all/GCA/018/151/445/GCA_018151445.1_ASM1815144v1/,Eukaryota,,Metazoa,Arthropoda,Insecta,Diptera,Drosophilidae,Zaprionus,Zaprionus inermis,root|cellular organisms|Eukaryota|Opisthokonta|Metazoa|Eumetazoa|Bilateria|Protostomia|Ecdysozoa|Panarthropoda|Arthropoda|Mandibulata|Pancrustacea|Altocrustacea|Allotriocarida|Hexapoda|Insecta|Dicondylia|Pterygota|Neoptera|Eumetabola|Endopterygota|Aparaglossata|Panorpida|Diptera|Brachycera|Muscomorpha|Eremoneura|Cyclorrhapha|Schizophora|Acalyptratae|Ephydroidea|Drosophilidae|Drosophilinae|Drosophilini|Zaprionus|Zaprionus|inermis group|Zaprionus inermis,6,invertebrate_animal
1265596,1265596,Sabuloglossum arenarium,GCA_022345705.2,ncbi_eukaryotic_genomes,fasta/ncbi_eukaryotic_genomes/batch46.tar,batch46/GCA_022345705.2.fasta.gz,genbank,reference genome,Scaffold,32533234,32533234,0.48,0.0,https://ftp.ncbi.nlm.nih.gov/genomes/all/GCA/022/345/705/GCA_022345705.2_ASM2234570v2/,Eukaryota,,Fungi,Ascomycota,Geoglossomycetes,Geoglossales,Geoglossaceae,Sabuloglossum,Sabuloglossum arenarium,root|cellular organisms|Eukaryota|Opisthokonta|Fungi|Dikarya|Ascomycota|saccharomyceta|Pezizomycotina|leotiomyceta|Geoglossomycetes|Geoglossales|Geoglossaceae|Sabuloglossum|Sabuloglossum arenarium,7,fungus
418781,418781,Teratosphaeria destructans,GCA_010367425.1,ncbi_eukaryotic_genomes,fasta/ncbi_eukaryotic_genomes/batch14.tar,batch14/GCA_010367425.1.fasta.gz,genbank,reference genome,Scaffold,27563587,27563587,0.545,0.0,https://ftp.ncbi.nlm.nih.gov/genomes/all/GCA/010/367/425/GCA_010367425.1_ASM1036742v1/,Eukaryota,,Fungi,Ascomycota,Dothideomycetes,Mycosphaerellales,Teratosphaeriaceae,Teratosphaeria,Teratosphaeria destructans,root|cellular organisms|Eukaryota|Opisthokonta|Fungi|Dikarya|Ascomycota|saccharomyceta|Pezizomycotina|leotiomyceta|dothideomyceta|Dothideomycetes|Dothideomycetidae|Mycosphaerellales|Teratosphaeriaceae|Teratosphaeria|Teratosphaeria destructans,7,fungus
73337,9807,Ceratotherium simum simum,GCF_000283155.1,ncbi_eukaryotic_genomes,fasta/ncbi_eukaryotic_genomes/batch85.tar,batch85/GCF_000283155.1.fasta.gz,refseq,reference genome,Scaffold,2464350348,2464350348,0.41,0.0,https://ftp.ncbi.nlm.nih.gov/genomes/all/GCF/000/283/155/GCF_000283155.1_CerSimSim1.0/,Eukaryota,,Metazoa,Chordata,Mammalia,Perissodactyla,Rhinocerotidae,Ceratotherium,Ceratotherium simum,root|cellular organisms|Eukaryota|Opisthokonta|Metazoa|Eumetazoa|Bilateria|Deuterostomia|Chordata|Craniata|Vertebrata|Gnathostomata|Teleostomi|Euteleostomi|Sarcopterygii|Dipnotetrapodomorpha|Tetrapoda|Amniota|Mammalia|Theria|Eutheria|Boreoeutheria|Laurasiatheria|Perissodactyla|Rhinocerotidae|Ceratotherium|Ceratotherium simum|Ceratotherium simum simum,4,non_primate_mammal
34573,34573,Nautilus pompilius,GCA_018389105.1,ncbi_eukaryotic_genomes,fasta/ncbi_eukaryotic_genomes/batch39.tar,batch39/GCA_018389105.1.fasta.gz,genbank,na,Contig,729019367,729019367,0.365,0.0,https://ftp.ncbi.nlm.nih.gov/genomes/all/GCA/018/389/105/GCA_018389105.1_ASM1838910v1/,Eukaryota,,Metazoa,Mollusca,Cephalopoda,Nautilida,Nautilidae,Nautilus,Nautilus pompilius,root|cellular organisms|Eukaryota|Opisthokonta|Metazoa|Eumetazoa|Bilateria|Protostomia|Spiralia|Lophotrochozoa|Mollusca|Cephalopoda|Nautiloidea|Nautilida|Nautilidae|Nautilus|Nautilus pompilius,6,invertebrate_animal
155299,155299,Litsea cubeba,GCA_012931725.1,ncbi_eukaryotic_genomes,fasta/ncbi_eukaryotic_genomes/batch18.tar,batch18/GCA_012931725.1.fasta.gz,genbank,reference genome,Chromosome,1325681069,1325681069,0.405,0.0,https://ftp.ncbi.nlm.nih.gov/genomes/all/GCA/012/931/725/GCA_012931725.1_ASM1293172v1/,Eukaryota,,Viridiplantae,Streptophyta,Magnoliopsida,Laurales,Lauraceae,Litsea,Litsea cubeba,root|cellular organisms|Eukaryota|Viridiplantae|Streptophyta|Streptophytina|Embryophyta|Tracheophyta|Euphyllophyta|Spermatophyta|Magnoliopsida|Mesangiospermae|Magnoliidae|Laurales|Lauraceae|Litsea|Litsea cubeba,7,plant
654496,654496,Thelephora aurantiotincta,GCA_003316405.1,ncbi_eukaryotic_genomes,fasta/ncbi_eukaryotic_genomes/batch84.tar,batch84/GCA_003316405.1.fasta.gz,genbank,reference genome,Scaffold,29413264,29413264,0.52,0.0,https://ftp.ncbi.nlm.nih.gov/genomes/all/GCA/003/316/405/GCA_003316405.1_ASM331640v1/,Eukaryota,,Fungi,Basidiomycota,Agaricomycetes,Thelephorales,Thelephoraceae,Thelephora,Thelephora aurantiotincta,root|cellular organisms|Eukaryota|Opisthokonta|Fungi|Dikarya|Basidiomycota|Agaricomycotina|Agaricomycetes|Agaricomycetes incertae sedis|Thelephorales|Thelephoraceae|Thelephora|Thelephora aurantiotincta,7,fungus
1124558,1124558,Eupeodes latifasciatus,GCA_920104205.1,ncbi_eukaryotic_genomes,fasta/ncbi_eukaryotic_genomes/batch80.tar,batch80/GCA_920104205.1.fasta.gz,genbank,reference genome,Chromosome,846338106,846338106,0.335,0.0,https://ftp.ncbi.nlm.nih.gov/genomes/all/GCA/920/104/205/GCA_920104205.1_idEupLati1.1/,Eukaryota,,Metazoa,Arthropoda,Insecta,Diptera,Syrphidae,Eupeodes,Eupeodes latifasciatus,root|cellular organisms|Eukaryota|Opisthokonta|Metazoa|Eumetazoa|Bilateria|Protostomia|Ecdysozoa|Panarthropoda|Arthropoda|Mandibulata|Pancrustacea|Altocrustacea|Allotriocarida|Hexapoda|Insecta|Dicondylia|Pterygota|Neoptera|Eumetabola|Endopterygota|Aparaglossata|Panorpida|Diptera|Brachycera|Muscomorpha|Eremoneura|Cyclorrhapha|Aschiza|Syrphoidea|Syrphidae|Syrphinae|Syrphini|Eupeodes|Eupeodes|Eupeodes latifasciatus,6,invertebrate_animal
1496267,1496267,Sminthurinus aureus,GCA_034698265.1,ncbi_eukaryotic_genomes,fasta/ncbi_eukaryotic_genomes/batch79.tar,batch79/GCA_034698265.1.fasta.gz,genbank,reference genome,Contig,305360128,305360128,0.35,0.0,https://ftp.ncbi.nlm.nih.gov/genomes/all/GCA/034/698/265/GCA_034698265.1_ASM3469826v1/,Eukaryota,,Metazoa,Arthropoda,Collembola,Symphypleona,Katiannidae,Sminthurinus,Sminthurinus aureus,root|cellular organisms|Eukaryota|Opisthokonta|Metazoa|Eumetazoa|Bilateria|Protostomia|Ecdysozoa|Panarthropoda|Arthropoda|Mandibulata|Pancrustacea|Altocrustacea|Allotriocarida|Hexapoda|Collembola|Symphypleona|Katiannidae|Sminthurinus|Sminthurinus aureus,6,invertebrate_animal
988178,988178,Drymonia ruficornis,GCA_947859195.1,ncbi_eukaryotic_genomes,fasta/ncbi_eukaryotic_genomes/batch64.tar,batch64/GCA_947859195.1.fasta.gz,genbank,reference genome,Chromosome,369594427,369594427,0.395,0.0,https://ftp.ncbi.nlm.nih.gov/genomes/all/GCA/947/859/195/GCA_947859195.1_ilDryRufi1.1/,Eukaryota,,Metazoa,Arthropoda,Insecta,Lepidoptera,Notodontidae,Drymonia,Drymonia ruficornis,root|cellular organisms|Eukaryota|Opisthokonta|Metazoa|Eumetazoa|Bilateria|Protostomia|Ecdysozoa|Panarthropoda|Arthropoda|Mandibulata|Pancrustacea|Altocrustacea|Allotriocarida|Hexapoda|Insecta|Dicondylia|Pterygota|Neoptera|Eumetabola|Endopterygota|Aparaglossata|Panorpida|Amphiesmenoptera|Lepidoptera|Glossata|Neolepidoptera|Heteroneura|Ditrysia|Obtectomera|Noctuoidea|Notodontidae|Notodontinae|Drymonia|Drymonia ruficornis,6,invertebrate_animal
2872179,2872179,Drosophila sp. 14030-0761.01,GCA_018150735.1,ncbi_eukaryotic_genomes,fasta/ncbi_eukaryotic_genomes/batch28.tar,batch28/GCA_018150735.1.fasta.gz,genbank,na,Contig,190454766,190454766,0.375,0.0,https://ftp.ncbi.nlm.nih.gov/genomes/all/GCA/018/150/735/GCA_018150735.1_ASM1815073v1/,Eukaryota,,Metazoa,Arthropoda,Insecta,Diptera,Drosophilidae,Drosophila,Drosophila sp. 14030-0761.01,"root|cellular organisms|Eukaryota|Opisthokonta|Metazoa|Eumetazoa|Bilateria|Protostomia|Ecdysozoa|Panarthropoda|Arthropoda|Mandibulata|Pancrustacea|Altocrustacea|Allotriocarida|Hexapoda|Insecta|Dicondylia|Pterygota|Neoptera|Eumetabola|Endopterygota|Aparaglossata|Panorpida|Diptera|Brachycera|Muscomorpha|Eremoneura|Cyclorrhapha|Schizophora|Acalyptratae|Ephydroidea|Drosophilidae|Drosophilinae|Drosophilini|Drosophila|unclassified Drosophila (in: flies, genus)|Drosophila sp. 14030-0761.01",6,invertebrate_animal
246028,246028,Suhomyces bolitotheri,GCA_030568555.1,ncbi_eukaryotic_genomes,fasta/ncbi_eukaryotic_genomes/batch60.tar,batch60/GCA_030568555.1.fasta.gz,genbank,reference genome,Contig,11633122,11633122,0.435,0.0,https://ftp.ncbi.nlm.nih.gov/genomes/all/GCA/030/568/555/GCA_030568555.1_ASM3056855v1/,Eukaryota,,Fungi,Ascomycota,Pichiomycetes,Serinales,Debaryomycetaceae,Suhomyces,Suhomyces bolitotheri,root|cellular organisms|Eukaryota|Opisthokonta|Fungi|Dikarya|Ascomycota|saccharomyceta|Saccharomycotina|Pichiomycetes|Serinales|Debaryomycetaceae|Suhomyces|Suhomyces bolitotheri,7,fungus
27381,27381,Funneliformis mosseae,GCA_910592005.1,ncbi_eukaryotic_genomes,fasta/ncbi_eukaryotic_genomes/batch4.tar,batch4/GCA_910592005.1.fasta.gz,genbank,reference genome,Contig,145719962,145719962,0.25,0.0,https://ftp.ncbi.nlm.nih.gov/genomes/all/GCA/910/592/005/GCA_910592005.1_Funneliformis_mosseae_87-6_pot_B_2015/,Eukaryota,,Fungi,Glomeromycota,Glomeromycetes,Glomerales,Glomeraceae,Funneliformis,Funneliformis mosseae,root|cellular organisms|Eukaryota|Opisthokonta|Fungi|Fungi incertae sedis|Glomeromycota|Glomeromycotina|Glomeromycetes|Glomerales|Glomeraceae|Funneliformis|Funneliformis mosseae,7,fungus
362788,362788,Senna tora,GCA_014851425.1,ncbi_eukaryotic_genomes,fasta/ncbi_eukaryotic_genomes/batch51.tar,batch51/GCA_014851425.1.fasta.gz,genbank,reference genome,Chromosome,526356977,526356977,0.355,0.0,https://ftp.ncbi.nlm.nih.gov/genomes/all/GCA/014/851/425/GCA_014851425.1_ASM1485142v1/,Eukaryota,,Viridiplantae,Streptophyta,Magnoliopsida,Fabales,Fabaceae,Senna,Senna tora,root|cellular organisms|Eukaryota|Viridiplantae|Streptophyta|Streptophytina|Embryophyta|Tracheophyta|Euphyllophyta|Spermatophyta|Magnoliopsida|Mesangiospermae|eudicotyledons|Gunneridae|Pentapetalae|rosids|fabids|Fabales|Fabaceae|Caesalpinioideae|Cassieae|Senna|Senna tora,7,plant
289078,289078,Microbotryum saponariae,GCA_900102585.1,ncbi_eukaryotic_genomes,fasta/ncbi_eukaryotic_genomes/batch9.tar,batch9/GCA_900102585.1.fasta.gz,genbank,reference genome,Contig,28653577,28653577,0.565,0.0,https://ftp.ncbi.nlm.nih.gov/genomes/all/GCA/900/102/585/GCA_900102585.1_MvSof1/,Eukaryota,,Fungi,Basidiomycota,Microbotryomycetes,Microbotryales,Microbotryaceae,Microbotryum,Microbotryum saponariae,root|cellular organisms|Eukaryota|Opisthokonta|Fungi|Dikarya|Basidiomycota|Pucciniomycotina|Microbotryomycetes|Microbotryales|Microbotryaceae|Microbotryum|Microbotryum saponariae,7,fungus
28713,28713,Lanius ludovicianus,GCA_013397235.1,ncbi_eukaryotic_genomes,fasta/ncbi_eukaryotic_genomes/batch31.tar,batch31/GCA_013397235.1.fasta.gz,genbank,reference genome,Scaffold,1040379146,1040379146,0.415,0.0,https://ftp.ncbi.nlm.nih.gov/genomes/all/GCA/013/397/235/GCA_013397235.1_ASM1339723v1/,Eukaryota,,Metazoa,Chordata,Aves,Passeriformes,Laniidae,Lanius,Lanius ludovicianus,root|cellular organisms|Eukaryota|Opisthokonta|Metazoa|Eumetazoa|Bilateria|Deuterostomia|Chordata|Craniata|Vertebrata|Gnathostomata|Teleostomi|Euteleostomi|Sarcopterygii|Dipnotetrapodomorpha|Tetrapoda|Amniota|Sauropsida|Sauria|Archelosauria|Archosauria|Dinosauria|Saurischia|Theropoda|Coelurosauria|Aves|Neognathae|Neoaves|Telluraves|Australaves|Passeriformes|Corvoidea|Laniidae|Lanius|Lanius ludovicianus,5,non_mammal_vertebrate
54904,54904,Hiodon alosoides,GCA_025775065.1,ncbi_eukaryotic_genomes,fasta/ncbi_eukaryotic_genomes/batch49.tar,batch49/GCA_025775065.1.fasta.gz,genbank,na,Scaffold,651198847,651198847,0.43,0.0,https://ftp.ncbi.nlm.nih.gov/genomes/all/GCA/025/775/065/GCA_025775065.1_ASM2577506v1/,Eukaryota,,Metazoa,Chordata,Actinopteri,Hiodontiformes,Hiodontidae,Hiodon,Hiodon alosoides,root|cellular organisms|Eukaryota|Opisthokonta|Metazoa|Eumetazoa|Bilateria|Deuterostomia|Chordata|Craniata|Vertebrata|Gnathostomata|Teleostomi|Euteleostomi|Actinopterygii|Actinopteri|Neopterygii|Teleostei|Osteoglossocephalai|Osteoglossocephala|Osteoglossomorpha|Hiodontiformes|Hiodontidae|Hiodon|Hiodon alosoides,5,non_mammal_vertebrate
1042432,1042432,Bathyaethiops greeni,GCA_037974585.1,ncbi_eukaryotic_genomes,fasta/ncbi_eukaryotic_genomes/batch68.tar,batch68/GCA_037974585.1.fasta.gz,genbank,reference genome,Scaffold,954671472,954671472,0.415,0.0,https://ftp.ncbi.nlm.nih.gov/genomes/all/GCA/037/974/585/GCA_037974585.1_ASM3797458v1/,Eukaryota,,Metazoa,Chordata,Actinopteri,Characiformes,Alestidae,Bathyaethiops,Bathyaethiops greeni,root|cellular organisms|Eukaryota|Opisthokonta|Metazoa|Eumetazoa|Bilateria|Deuterostomia|Chordata|Craniata|Vertebrata|Gnathostomata|Teleostomi|Euteleostomi|Actinopterygii|Actinopteri|Neopterygii|Teleostei|Osteoglossocephalai|Clupeocephala|Otomorpha|Ostariophysi|Otophysi|Characiphysae|Characiformes|Characoidei|Alestidae|Bathyaethiops|Bathyaethiops greeni,5,non_mammal_vertebrate
115417,115417,Globisporangium iwayamae,GCA_023336215.1,ncbi_eukaryotic_genomes,fasta/ncbi_eukaryotic_genomes/batch9.tar,batch9/GCA_023336215.1.fasta.gz,genbank,reference genome,Contig,40610102,40610102,0.55,0.0,https://ftp.ncbi.nlm.nih.gov/genomes/all/GCA/023/336/215/GCA_023336215.1_ASM2333621v1/,Eukaryota,,,Oomycota,Peronosporomycetes,Pythiales,Pythiaceae,Globisporangium,Globisporangium iwayamae,root|cellular organisms|Eukaryota|Sar|Stramenopiles|Oomycota|Peronosporomycetes|Pythiales|Pythiaceae|Globisporangium|Globisporangium iwayamae,7,protist_other_eukaryote
2969113,2969113,Chrysichthys thysi,GCA_030068315.1,ncbi_eukaryotic_genomes,fasta/ncbi_eukaryotic_genomes/batch68.tar,batch68/GCA_030068315.1.fasta.gz,genbank,reference genome,Scaffold,961121993,961121993,0.41,0.0,https://ftp.ncbi.nlm.nih.gov/genomes/all/GCA/030/068/315/GCA_030068315.1_ASM3006831v1/,Eukaryota,,Metazoa,Chordata,Actinopteri,Siluriformes,Claroteidae,Chrysichthys,Chrysichthys thysi,root|cellular organisms|Eukaryota|Opisthokonta|Metazoa|Eumetazoa|Bilateria|Deuterostomia|Chordata|Craniata|Vertebrata|Gnathostomata|Teleostomi|Euteleostomi|Actinopterygii|Actinopteri|Neopterygii|Teleostei|Osteoglossocephalai|Clupeocephala|Otomorpha|Ostariophysi|Otophysi|Characiphysae|Siluriformes|Siluroidei|Claroteidae|Chrysichthys|Chrysichthys thysi,5,non_mammal_vertebrate
1799007,1799007,Hypoxylon argillaceum,GCA_022495175.1,ncbi_eukaryotic_genomes,fasta/ncbi_eukaryotic_genomes/batch11.tar,batch11/GCA_022495175.1.fasta.gz,genbank,na,Scaffold,54444476,54444476,0.4,0.0,https://ftp.ncbi.nlm.nih.gov/genomes/all/GCA/022/495/175/GCA_022495175.1_Hyparg1/,Eukaryota,,Fungi,Ascomycota,Sordariomycetes,Xylariales,Hypoxylaceae,Hypoxylon,Hypoxylon argillaceum,root|cellular organisms|Eukaryota|Opisthokonta|Fungi|Dikarya|Ascomycota|saccharomyceta|Pezizomycotina|leotiomyceta|sordariomyceta|Sordariomycetes|Xylariomycetidae|Xylariales|Hypoxylaceae|Hypoxylon|Hypoxylon argillaceum,7,fungus
2905135,2905135,Calamaria suluensis,GCA_032468135.1,ncbi_eukaryotic_genomes,fasta/ncbi_eukaryotic_genomes/batch1.tar,batch1/GCA_032468135.1.fasta.gz,genbank,reference genome,Scaffold,1266431896,1266431896,0.4,0.0,https://ftp.ncbi.nlm.nih.gov/genomes/all/GCA/032/468/135/GCA_032468135.1_ASM3246813v1/,Eukaryota,,Metazoa,Chordata,Lepidosauria,Squamata,Colubridae,Calamaria,Calamaria suluensis,root|cellular organisms|Eukaryota|Opisthokonta|Metazoa|Eumetazoa|Bilateria|Deuterostomia|Chordata|Craniata|Vertebrata|Gnathostomata|Teleostomi|Euteleostomi|Sarcopterygii|Dipnotetrapodomorpha|Tetrapoda|Amniota|Sauropsida|Sauria|Lepidosauria|Squamata|Bifurcata|Unidentata|Episquamata|Toxicofera|Serpentes|Colubroidea|Colubridae|Calamariinae|Calamaria|Calamaria suluensis,5,non_mammal_vertebrate
29737,29737,Casuarina cunninghamiana,GCA_028551485.1,ncbi_eukaryotic_genomes,fasta/ncbi_eukaryotic_genomes/batch13.tar,batch13/GCA_028551485.1.fasta.gz,genbank,reference genome,Chromosome,293483606,293483606,0.365,0.0,https://ftp.ncbi.nlm.nih.gov/genomes/all/GCA/028/551/485/GCA_028551485.1_ASM2855148v1/,Eukaryota,,Viridiplantae,Streptophyta,Magnoliopsida,Fagales,Casuarinaceae,Casuarina,Casuarina cunninghamiana,root|cellular organisms|Eukaryota|Viridiplantae|Streptophyta|Streptophytina|Embryophyta|Tracheophyta|Euphyllophyta|Spermatophyta|Magnoliopsida|Mesangiospermae|eudicotyledons|Gunneridae|Pentapetalae|rosids|fabids|Fagales|Casuarinaceae|Casuarina|Casuarina cunninghamiana,7,plant
946362,946362,Salpingoeca rosetta,GCF_000188695.1,ncbi_eukaryotic_genomes,fasta/ncbi_eukaryotic_genomes/batch74.tar,batch74/GCF_000188695.1.fasta.gz,refseq,reference genome,Scaffold,55440309,55440309,0.56,0.0,https://ftp.ncbi.nlm.nih.gov/genomes/all/GCF/000/188/695/GCF_000188695.1_Proterospongia_sp_ATCC50818/,Eukaryota,,,,Choanoflagellata,Craspedida,Salpingoecidae,Salpingoeca,Salpingoeca rosetta,root|cellular organisms|Eukaryota|Opisthokonta|Choanoflagellata|Craspedida|Salpingoecidae|Salpingoeca|Salpingoeca rosetta,7,protist_other_eukaryote
278024,278024,Arxiozyma bovina,GCA_023309525.1,ncbi_eukaryotic_genomes,fasta/ncbi_eukaryotic_genomes/batch10.tar,batch10/GCA_023309525.1.fasta.gz,genbank,reference genome,Contig,15861132,15861132,0.315,0.0,https://ftp.ncbi.nlm.nih.gov/genomes/all/GCA/023/309/525/GCA_023309525.1_ASM2330952v1/,Eukaryota,,Fungi,Ascomycota,Saccharomycetes,Saccharomycetales,Saccharomycetaceae,Arxiozyma,Arxiozyma bovina,root|cellular organisms|Eukaryota|Opisthokonta|Fungi|Dikarya|Ascomycota|saccharomyceta|Saccharomycotina|Saccharomycetes|Saccharomycetales|Saccharomycetaceae|Arxiozyma|Arxiozyma bovina,7,fungus
1296122,463800,Kwoniella mangroviensis CBS 8507,GCF_000507465.2,ncbi_eukaryotic_genomes,fasta/ncbi_eukaryotic_genomes/batch64.tar,batch64/GCF_000507465.2.fasta.gz,refseq,reference genome,Chromosome,22796923,22796923,0.45,0.0,https://ftp.ncbi.nlm.nih.gov/genomes/all/GCF/000/507/465/GCF_000507465.2_ASM50746v4/,Eukaryota,,Fungi,Basidiomycota,Tremellomycetes,Tremellales,Cryptococcaceae,Kwoniella,Kwoniella mangrovensis,root|cellular organisms|Eukaryota|Opisthokonta|Fungi|Dikarya|Basidiomycota|Agaricomycotina|Tremellomycetes|Tremellales|Cryptococcaceae|Kwoniella|Kwoniella mangrovensis|Kwoniella mangroviensis CBS 8507,7,fungus
168575,168575,Dipteronia dyeriana,GCA_032871835.1,ncbi_eukaryotic_genomes,fasta/ncbi_eukaryotic_genomes/batch71.tar,batch71/GCA_032871835.1.fasta.gz,genbank,reference genome,Chromosome,914769786,914769786,0.36,0.0,https://ftp.ncbi.nlm.nih.gov/genomes/all/GCA/032/871/835/GCA_032871835.1_Dipteronia_dye/,Eukaryota,,Viridiplantae,Streptophyta,Magnoliopsida,Sapindales,Sapindaceae,Dipteronia,Dipteronia dyeriana,root|cellular organisms|Eukaryota|Viridiplantae|Streptophyta|Streptophytina|Embryophyta|Tracheophyta|Euphyllophyta|Spermatophyta|Magnoliopsida|Mesangiospermae|eudicotyledons|Gunneridae|Pentapetalae|rosids|malvids|Sapindales|Sapindaceae|Hippocastanoideae|Acereae|Dipteronia|Dipteronia dyeriana,7,plant
2747967,2747967,Fusarium solani-melongenae,GCA_023101225.1,ncbi_eukaryotic_genomes,fasta/ncbi_eukaryotic_genomes/batch50.tar,batch50/GCA_023101225.1.fasta.gz,genbank,reference genome,Complete Genome,49477711,49477711,0.505,0.0,https://ftp.ncbi.nlm.nih.gov/genomes/all/GCA/023/101/225/GCA_023101225.1_ASM2310122v1/,Eukaryota,,Fungi,Ascomycota,Sordariomycetes,Hypocreales,Nectriaceae,Fusarium,Fusarium solani-melongenae,root|cellular organisms|Eukaryota|Opisthokonta|Fungi|Dikarya|Ascomycota|saccharomyceta|Pezizomycotina|leotiomyceta|sordariomyceta|Sordariomycetes|Hypocreomycetidae|Hypocreales|Nectriaceae|Fusarium|Fusarium solani species complex|Fusarium solani-melongenae,7,fungus
242822,242822,Bujurquina vittata,GCA_015106715.1,ncbi_eukaryotic_genomes,fasta/ncbi_eukaryotic_genomes/batch3.tar,batch3/GCA_015106715.1.fasta.gz,genbank,reference genome,Scaffold,685844181,685844181,0.415,0.0,https://ftp.ncbi.nlm.nih.gov/genomes/all/GCA/015/106/715/GCA_015106715.1_JWD8.scf/,Eukaryota,,Metazoa,Chordata,Actinopteri,Cichliformes,Cichlidae,Bujurquina,Bujurquina vittata,root|cellular organisms|Eukaryota|Opisthokonta|Metazoa|Eumetazoa|Bilateria|Deuterostomia|Chordata|Craniata|Vertebrata|Gnathostomata|Teleostomi|Euteleostomi|Actinopterygii|Actinopteri|Neopterygii|Teleostei|Osteoglossocephalai|Clupeocephala|Euteleosteomorpha|Neoteleostei|Eurypterygia|Ctenosquamata|Acanthomorphata|Euacanthomorphacea|Percomorphaceae|Ovalentaria|Cichlomorphae|Cichliformes|Cichlidae|New World cichlids|Cichlasomatinae|Cichlasomatini|Bujurquina|Bujurquina vittata,5,non_mammal_vertebrate
2715315,2715315,Acromyrmex charruanus,GCA_017607545.1,ncbi_eukaryotic_genomes,fasta/ncbi_eukaryotic_genomes/batch64.tar,batch64/GCA_017607545.1.fasta.gz,genbank,reference genome,Scaffold,296539234,296539234,0.34,0.0,https://ftp.ncbi.nlm.nih.gov/genomes/all/GCA/017/607/545/GCA_017607545.1_ASM1760754v1/,Eukaryota,,Metazoa,Arthropoda,Insecta,Hymenoptera,Formicidae,Acromyrmex,Acromyrmex charruanus,root|cellular organisms|Eukaryota|Opisthokonta|Metazoa|Eumetazoa|Bilateria|Protostomia|Ecdysozoa|Panarthropoda|Arthropoda|Mandibulata|Pancrustacea|Altocrustacea|Allotriocarida|Hexapoda|Insecta|Dicondylia|Pterygota|Neoptera|Eumetabola|Endopterygota|Hymenoptera|Apocrita|Aculeata|Formicoidea|Formicidae|Myrmicinae|Attini|Acromyrmex|Acromyrmex charruanus,6,invertebrate_animal
8724,8724,Bothrops jararaca,GCA_018340635.1,ncbi_eukaryotic_genomes,fasta/ncbi_eukaryotic_genomes/batch38.tar,batch38/GCA_018340635.1.fasta.gz,genbank,reference genome,Scaffold,1672323932,1672323932,0.405,0.0,https://ftp.ncbi.nlm.nih.gov/genomes/all/GCA/018/340/635/GCA_018340635.1_Ibu_BjarHA_1.0/,Eukaryota,,Metazoa,Chordata,Lepidosauria,Squamata,Viperidae,Bothrops,Bothrops jararaca,root|cellular organisms|Eukaryota|Opisthokonta|Metazoa|Eumetazoa|Bilateria|Deuterostomia|Chordata|Craniata|Vertebrata|Gnathostomata|Teleostomi|Euteleostomi|Sarcopterygii|Dipnotetrapodomorpha|Tetrapoda|Amniota|Sauropsida|Sauria|Lepidosauria|Squamata|Bifurcata|Unidentata|Episquamata|Toxicofera|Serpentes|Colubroidea|Viperidae|Crotalinae|Bothrops|Bothrops jararaca,5,non_mammal_vertebrate
71933,71933,Amanita rubescens,GCA_015039365.1,ncbi_eukaryotic_genomes,fasta/ncbi_eukaryotic_genomes/batch50.tar,batch50/GCA_015039365.1.fasta.gz,genbank,na,Contig,76593165,76593165,0.475,0.0,https://ftp.ncbi.nlm.nih.gov/genomes/all/GCA/015/039/365/GCA_015039365.1_Amarub1/,Eukaryota,,Fungi,Basidiomycota,Agaricomycetes,Agaricales,Amanitaceae,Amanita,Amanita rubescens,root|cellular organisms|Eukaryota|Opisthokonta|Fungi|Dikarya|Basidiomycota|Agaricomycotina|Agaricomycetes|Agaricomycetidae|Agaricales|Pluteineae|Amanitaceae|Amanita|Amanita rubescens,7,fungus
993371,993371,Accipiter minullus,GCA_034781495.1,ncbi_eukaryotic_genomes,fasta/ncbi_eukaryotic_genomes/batch31.tar,batch31/GCA_034781495.1.fasta.gz,genbank,reference genome,Scaffold,1206132328,1206132328,0.42,0.0,https://ftp.ncbi.nlm.nih.gov/genomes/all/GCA/034/781/495/GCA_034781495.1_ASM3478149v1/,Eukaryota,,Metazoa,Chordata,Aves,Accipitriformes,Accipitridae,Accipiter,Accipiter minullus,root|cellular organisms|Eukaryota|Opisthokonta|Metazoa|Eumetazoa|Bilateria|Deuterostomia|Chordata|Craniata|Vertebrata|Gnathostomata|Teleostomi|Euteleostomi|Sarcopterygii|Dipnotetrapodomorpha|Tetrapoda|Amniota|Sauropsida|Sauria|Archelosauria|Archosauria|Dinosauria|Saurischia|Theropoda|Coelurosauria|Aves|Neognathae|Neoaves|Telluraves|Accipitrimorphae|Accipitriformes|Accipitridae|Accipitrinae|Accipiter|Accipiter minullus,5,non_mammal_vertebrate
2829486,2829486,Auriculariales sp. MPI-PUGE-AT-0066,GCA_020744175.1,ncbi_eukaryotic_genomes,fasta/ncbi_eukaryotic_genomes/batch55.tar,batch55/GCA_020744175.1.fasta.gz,genbank,na,Contig,47727729,47727729,0.54,0.0,https://ftp.ncbi.nlm.nih.gov/genomes/all/GCA/020/744/175/GCA_020744175.1_Olipa1/,Eukaryota,,Fungi,Basidiomycota,Agaricomycetes,Auriculariales,,,Auriculariales sp. MPI-PUGE-AT-0066,root|cellular organisms|Eukaryota|Opisthokonta|Fungi|Dikarya|Basidiomycota|Agaricomycotina|Agaricomycetes|Agaricomycetes incertae sedis|Auriculariales|unclassified Auriculariales|Auriculariales sp. MPI-PUGE-AT-0066,7,fungus
2738401,2738401,Alternaria cf. alternata,GCA_020284155.1,ncbi_eukaryotic_genomes,fasta/ncbi_eukaryotic_genomes/batch20.tar,batch20/GCA_020284155.1.fasta.gz,genbank,na,Scaffold,33706137,33706137,0.51,0.0,https://ftp.ncbi.nlm.nih.gov/genomes/all/GCA/020/284/155/GCA_020284155.1_ASM2028415v1/,Eukaryota,,Fungi,Ascomycota,Dothideomycetes,Pleosporales,Pleosporaceae,Alternaria,Alternaria cf. alternata,root|cellular organisms|Eukaryota|Opisthokonta|Fungi|Dikarya|Ascomycota|saccharomyceta|Pezizomycotina|leotiomyceta|dothideomyceta|Dothideomycetes|Pleosporomycetidae|Pleosporales|Pleosporineae|Pleosporaceae|Alternaria|Alternaria sect. Alternaria|Alternaria alternata complex|Alternaria cf. alternata,7,fungus
1108764,1108764,Lasiodiplodia mahajangana,GCA_029590625.1,ncbi_eukaryotic_genomes,fasta/ncbi_eukaryotic_genomes/batch5.tar,batch5/GCA_029590625.1.fasta.gz,genbank,na,Contig,40140394,40140394,0.48,0.0,https://ftp.ncbi.nlm.nih.gov/genomes/all/GCA/029/590/625/GCA_029590625.1_ASM2959062v1/,Eukaryota,,Fungi,Ascomycota,Dothideomycetes,Botryosphaeriales,Botryosphaeriaceae,Lasiodiplodia,Lasiodiplodia mahajangana,root|cellular organisms|Eukaryota|Opisthokonta|Fungi|Dikarya|Ascomycota|saccharomyceta|Pezizomycotina|leotiomyceta|dothideomyceta|Dothideomycetes|Dothideomycetes incertae sedis|Botryosphaeriales|Botryosphaeriaceae|Lasiodiplodia|Lasiodiplodia mahajangana,7,fungus
2585917,2585916,Passova passova rudex,GCA_018245715.1,ncbi_eukaryotic_genomes,fasta/ncbi_eukaryotic_genomes/batch67.tar,batch67/GCA_018245715.1.fasta.gz,genbank,reference genome,Contig,309168143,309168143,0.36,0.0,https://ftp.ncbi.nlm.nih.gov/genomes/all/GCA/018/245/715/GCA_018245715.1_SRR9330714/,Eukaryota,,Metazoa,Arthropoda,Insecta,Lepidoptera,Hesperiidae,Passova,Passova passova,root|cellular organisms|Eukaryota|Opisthokonta|Metazoa|Eumetazoa|Bilateria|Protostomia|Ecdysozoa|Panarthropoda|Arthropoda|Mandibulata|Pancrustacea|Altocrustacea|Allotriocarida|Hexapoda|Insecta|Dicondylia|Pterygota|Neoptera|Eumetabola|Endopterygota|Aparaglossata|Panorpida|Amphiesmenoptera|Lepidoptera|Glossata|Neolepidoptera|Heteroneura|Ditrysia|Obtectomera|Hesperioidea|Hesperiidae|Pyrrhopyginae|Passova|Passova passova|Passova passova rudex,6,invertebrate_animal
487106,487106,[Candida] hainanensis,GCA_030561765.1,ncbi_eukaryotic_genomes,fasta/ncbi_eukaryotic_genomes/batch64.tar,batch64/GCA_030561765.1.fasta.gz,genbank,reference genome,Scaffold,10423758,10423758,0.505,0.0,https://ftp.ncbi.nlm.nih.gov/genomes/all/GCA/030/561/765/GCA_030561765.1_ASM3056176v1/,Eukaryota,,Fungi,Ascomycota,Pichiomycetes,Serinales,Metschnikowiaceae,Metschnikowia,[Candida] hainanensis,root|cellular organisms|Eukaryota|Opisthokonta|Fungi|Dikarya|Ascomycota|saccharomyceta|Saccharomycotina|Pichiomycetes|Serinales|Metschnikowiaceae|Metschnikowia|[Candida] hainanensis,7,fungus
495289,495289,Xanthoconium separans,GCA_038088675.1,ncbi_eukaryotic_genomes,fasta/ncbi_eukaryotic_genomes/batch83.tar,batch83/GCA_038088675.1.fasta.gz,genbank,na,Scaffold,60961262,60961262,0.495,0.0,https://ftp.ncbi.nlm.nih.gov/genomes/all/GCA/038/088/675/GCA_038088675.1_UT517-Boletus-separans/,Eukaryota,,Fungi,Basidiomycota,Agaricomycetes,Boletales,Boletaceae,Xanthoconium,Xanthoconium separans,root|cellular organisms|Eukaryota|Opisthokonta|Fungi|Dikarya|Basidiomycota|Agaricomycotina|Agaricomycetes|Agaricomycetidae|Boletales|Boletineae|Boletaceae|Boletoideae|Xanthoconium|Xanthoconium separans,7,fungus
3043724,3043724,Linhomoeus sp. GSCO2_2,GCA_030248115.1,ncbi_eukaryotic_genomes,fasta/ncbi_eukaryotic_genomes/batch13.tar,batch13/GCA_030248115.1.fasta.gz,genbank,na,Contig,240517537,240517537,0.495,0.0,https://ftp.ncbi.nlm.nih.gov/genomes/all/GCA/030/248/115/GCA_030248115.1_ASM3024811v1/,Eukaryota,,Metazoa,Nematoda,Chromadorea,Monhysterida,Linhomoeidae,Linhomoeus,Linhomoeus sp. GSCO2_2,root|cellular organisms|Eukaryota|Opisthokonta|Metazoa|Eumetazoa|Bilateria|Protostomia|Ecdysozoa|Nematoda|Chromadorea|Monhysterida|Linhomoeina|Linhomoeidae|Linhomoeus|unclassified Linhomoeus|Linhomoeus sp. GSCO2_2,6,invertebrate_animal
7230,7230,Drosophila mojavensis,GCF_018153725.1,ncbi_eukaryotic_genomes,fasta/ncbi_eukaryotic_genomes/batch39.tar,batch39/GCF_018153725.1.fasta.gz,refseq,reference genome,Contig,163170721,163170721,0.395,0.0,https://ftp.ncbi.nlm.nih.gov/genomes/all/GCF/018/153/725/GCF_018153725.1_ASM1815372v1/,Eukaryota,,Metazoa,Arthropoda,Insecta,Diptera,Drosophilidae,Drosophila,Drosophila mojavensis,root|cellular organisms|Eukaryota|Opisthokonta|Metazoa|Eumetazoa|Bilateria|Protostomia|Ecdysozoa|Panarthropoda|Arthropoda|Mandibulata|Pancrustacea|Altocrustacea|Allotriocarida|Hexapoda|Insecta|Dicondylia|Pterygota|Neoptera|Eumetabola|Endopterygota|Aparaglossata|Panorpida|Diptera|Brachycera|Muscomorpha|Eremoneura|Cyclorrhapha|Schizophora|Acalyptratae|Ephydroidea|Drosophilidae|Drosophilinae|Drosophilini|Drosophila|Drosophila|repleta group|mulleri subgroup|mojavensis species complex|Drosophila mojavensis,6,invertebrate_animal
322563,322563,Proterorhinus semilunaris,GCA_021464625.1,ncbi_eukaryotic_genomes,fasta/ncbi_eukaryotic_genomes/batch67.tar,batch67/GCA_021464625.1.fasta.gz,genbank,reference genome,Chromosome,864621867,864621867,0.425,0.0,https://ftp.ncbi.nlm.nih.gov/genomes/all/GCA/021/464/625/GCA_021464625.1_fProSem1.pri.20201207/,Eukaryota,,Metazoa,Chordata,Actinopteri,Gobiiformes,Gobiidae,Proterorhinus,Proterorhinus semilunaris,root|cellular organisms|Eukaryota|Opisthokonta|Metazoa|Eumetazoa|Bilateria|Deuterostomia|Chordata|Craniata|Vertebrata|Gnathostomata|Teleostomi|Euteleostomi|Actinopterygii|Actinopteri|Neopterygii|Teleostei|Osteoglossocephalai|Clupeocephala|Euteleosteomorpha|Neoteleostei|Eurypterygia|Ctenosquamata|Acanthomorphata|Euacanthomorphacea|Percomorphaceae|Gobiaria|Gobiiformes|Gobioidei|Gobiidae|Benthophilinae|Ponticolini|Proterorhinus|Proterorhinus semilunaris,5,non_mammal_vertebrate
64574,64574,Radiomyces spectabilis,GCF_025331425.1,ncbi_eukaryotic_genomes,fasta/ncbi_eukaryotic_genomes/batch48.tar,batch48/GCF_025331425.1.fasta.gz,refseq,reference genome,Contig,30409402,30409402,0.435,0.0,https://ftp.ncbi.nlm.nih.gov/genomes/all/GCF/025/331/425/GCF_025331425.1_Radspe1/,Eukaryota,,Fungi,Mucoromycota,Mucoromycetes,Mucorales,Radiomycetaceae,Radiomyces,Radiomyces spectabilis,root|cellular organisms|Eukaryota|Opisthokonta|Fungi|Fungi incertae sedis|Mucoromycota|Mucoromycotina|Mucoromycetes|Mucorales|Radiomycetaceae|Radiomyces|Radiomyces spectabilis,7,fungus
2842202,2842202,Xerocomus alliaceus,GCA_038094415.1,ncbi_eukaryotic_genomes,fasta/ncbi_eukaryotic_genomes/batch27.tar,batch27/GCA_038094415.1.fasta.gz,genbank,reference genome,Scaffold,62705925,62705925,0.475,0.0,https://ftp.ncbi.nlm.nih.gov/genomes/all/GCA/038/094/415/GCA_038094415.1_BD697/,Eukaryota,,Fungi,Basidiomycota,Agaricomycetes,Boletales,Boletaceae,Xerocomus,Xerocomus alliaceus,root|cellular organisms|Eukaryota|Opisthokonta|Fungi|Dikarya|Basidiomycota|Agaricomycotina|Agaricomycetes|Agaricomycetidae|Boletales|Boletineae|Boletaceae|Xerocomoideae|Xerocomus|Xerocomus alliaceus,7,fungus
2305862,2305862,Caenorhabditis sulstoni,GCA_963966605.1,ncbi_eukaryotic_genomes,fasta/ncbi_eukaryotic_genomes/batch75.tar,batch75/GCA_963966605.1.fasta.gz,genbank,reference genome,Chromosome,76347226,76347226,0.47,0.0,https://ftp.ncbi.nlm.nih.gov/genomes/all/GCA/963/966/605/GCA_963966605.1_nxCaeSuls1.1/,Eukaryota,,Metazoa,Nematoda,Chromadorea,Rhabditida,Rhabditidae,Caenorhabditis,Caenorhabditis sulstoni,root|cellular organisms|Eukaryota|Opisthokonta|Metazoa|Eumetazoa|Bilateria|Protostomia|Ecdysozoa|Nematoda|Chromadorea|Rhabditida|Rhabditina|Rhabditomorpha|Rhabditoidea|Rhabditidae|Peloderinae|Caenorhabditis|Caenorhabditis sulstoni,6,invertebrate_animal
36231,36231,Miopithecus talapoin,GCA_028551445.1,ncbi_eukaryotic_genomes,fasta/ncbi_eukaryotic_genomes/batch42.tar,batch42/GCA_028551445.1.fasta.gz,genbank,reference genome,Chromosome,2969301606,2969301606,0.41,0.0,https://ftp.ncbi.nlm.nih.gov/genomes/all/GCA/028/551/445/GCA_028551445.1_Miopithecus_talapoin_HiC/,Eukaryota,,Metazoa,Chordata,Mammalia,Primates,Cercopithecidae,Miopithecus,Miopithecus talapoin,root|cellular organisms|Eukaryota|Opisthokonta|Metazoa|Eumetazoa|Bilateria|Deuterostomia|Chordata|Craniata|Vertebrata|Gnathostomata|Teleostomi|Euteleostomi|Sarcopterygii|Dipnotetrapodomorpha|Tetrapoda|Amniota|Mammalia|Theria|Eutheria|Boreoeutheria|Euarchontoglires|Primates|Haplorrhini|Simiiformes|Catarrhini|Cercopithecoidea|Cercopithecidae|Cercopithecinae|Miopithecus|Miopithecus talapoin,3,human_primate
56777,56777,Trichomonas gallinae,GCA_008369845.1,ncbi_eukaryotic_genomes,fasta/ncbi_eukaryotic_genomes/batch69.tar,batch69/GCA_008369845.1.fasta.gz,genbank,na,Contig,54794019,54794019,0.34,0.0,https://ftp.ncbi.nlm.nih.gov/genomes/all/GCA/008/369/845/GCA_008369845.1_MiGF1c1.0/,Eukaryota,,,Parabasalia,,Trichomonadida,Trichomonadidae,Trichomonas,Trichomonas gallinae,root|cellular organisms|Eukaryota|Metamonada|Parabasalia|Trichomonadida|Trichomonadidae|Trichomonas|Trichomonas gallinae,7,protist_other_eukaryote
1870885,1870885,Lordiphosa mommai,GCA_018904225.1,ncbi_eukaryotic_genomes,fasta/ncbi_eukaryotic_genomes/batch18.tar,batch18/GCA_018904225.1.fasta.gz,genbank,reference genome,Contig,339463949,339463949,0.36,0.0,https://ftp.ncbi.nlm.nih.gov/genomes/all/GCA/018/904/225/GCA_018904225.1_ASM1890422v1/,Eukaryota,,Metazoa,Arthropoda,Insecta,Diptera,Drosophilidae,Lordiphosa,Lordiphosa mommai,root|cellular organisms|Eukaryota|Opisthokonta|Metazoa|Eumetazoa|Bilateria|Protostomia|Ecdysozoa|Panarthropoda|Arthropoda|Mandibulata|Pancrustacea|Altocrustacea|Allotriocarida|Hexapoda|Insecta|Dicondylia|Pterygota|Neoptera|Eumetabola|Endopterygota|Aparaglossata|Panorpida|Diptera|Brachycera|Muscomorpha|Eremoneura|Cyclorrhapha|Schizophora|Acalyptratae|Ephydroidea|Drosophilidae|Drosophilinae|Drosophilini|Lordiphosa|Lordiphosa mommai,6,invertebrate_animal
383689,383689,Luscinia megarhynchos,GCA_034336665.1,ncbi_eukaryotic_genomes,fasta/ncbi_eukaryotic_genomes/batch30.tar,batch30/GCA_034336665.1.fasta.gz,genbank,reference genome,Chromosome,1098475349,1098475349,0.43,0.0,https://ftp.ncbi.nlm.nih.gov/genomes/all/GCA/034/336/665/GCA_034336665.1_ASM3433666v1/,Eukaryota,,Metazoa,Chordata,Aves,Passeriformes,Turdidae,Luscinia,Luscinia megarhynchos,root|cellular organisms|Eukaryota|Opisthokonta|Metazoa|Eumetazoa|Bilateria|Deuterostomia|Chordata|Craniata|Vertebrata|Gnathostomata|Teleostomi|Euteleostomi|Sarcopterygii|Dipnotetrapodomorpha|Tetrapoda|Amniota|Sauropsida|Sauria|Archelosauria|Archosauria|Dinosauria|Saurischia|Theropoda|Coelurosauria|Aves|Neognathae|Neoaves|Telluraves|Australaves|Passeriformes|Turdidae|Luscinia|Luscinia megarhynchos,5,non_mammal_vertebrate
2201247,2201247,Metschnikowia peoriensis,GCA_030573015.1,ncbi_eukaryotic_genomes,fasta/ncbi_eukaryotic_genomes/batch58.tar,batch58/GCA_030573015.1.fasta.gz,genbank,reference genome,Scaffold,17708309,17708309,0.42,0.0,https://ftp.ncbi.nlm.nih.gov/genomes/all/GCA/030/573/015/GCA_030573015.1_ASM3057301v1/,Eukaryota,,Fungi,Ascomycota,Pichiomycetes,Serinales,Metschnikowiaceae,Metschnikowia,Metschnikowia peoriensis,root|cellular organisms|Eukaryota|Opisthokonta|Fungi|Dikarya|Ascomycota|saccharomyceta|Saccharomycotina|Pichiomycetes|Serinales|Metschnikowiaceae|Metschnikowia|Metschnikowia peoriensis,7,fungus
49331,49331,Wickerhamiella pararugosa,GCA_023628975.1,ncbi_eukaryotic_genomes,fasta/ncbi_eukaryotic_genomes/batch58.tar,batch58/GCA_023628975.1.fasta.gz,genbank,reference genome,Scaffold,9124877,9124877,0.5,0.0,https://ftp.ncbi.nlm.nih.gov/genomes/all/GCA/023/628/975/GCA_023628975.1_ASM2362897v1/,Eukaryota,,Fungi,Ascomycota,Dipodascomycetes,Dipodascales,Trichomonascaceae,Wickerhamiella,Wickerhamiella pararugosa,root|cellular organisms|Eukaryota|Opisthokonta|Fungi|Dikarya|Ascomycota|saccharomyceta|Saccharomycotina|Dipodascomycetes|Dipodascales|Trichomonascaceae|Wickerhamiella|Wickerhamiella pararugosa,7,fungus
2875633,2875633,Inosperma sp. D86,GCA_026262225.1,ncbi_eukaryotic_genomes,fasta/ncbi_eukaryotic_genomes/batch31.tar,batch31/GCA_026262225.1.fasta.gz,genbank,na,Scaffold,56653521,56653521,0.45,0.0,https://ftp.ncbi.nlm.nih.gov/genomes/all/GCA/026/262/225/GCA_026262225.1_ASM2626222v1/,Eukaryota,,Fungi,Basidiomycota,Agaricomycetes,Agaricales,Inocybaceae,Inosperma,Inosperma sp. D86,root|cellular organisms|Eukaryota|Opisthokonta|Fungi|Dikarya|Basidiomycota|Agaricomycotina|Agaricomycetes|Agaricomycetidae|Agaricales|Agaricineae|Inocybaceae|Inosperma|unclassified Inosperma|Inosperma sp. D86,7,fungus
6279,6279,Brugia malayi,GCF_000002995.4,ncbi_eukaryotic_genomes,fasta/ncbi_eukaryotic_genomes/batch90.tar,batch90/GCF_000002995.4.fasta.gz,refseq,reference genome,Scaffold,87155713,87155713,0.285,0.0,https://ftp.ncbi.nlm.nih.gov/genomes/all/GCF/000/002/995/GCF_000002995.4_B_malayi-4.0/,Eukaryota,,Metazoa,Nematoda,Chromadorea,Rhabditida,Onchocercidae,Brugia,Brugia malayi,root|cellular organisms|Eukaryota|Opisthokonta|Metazoa|Eumetazoa|Bilateria|Protostomia|Ecdysozoa|Nematoda|Chromadorea|Rhabditida|Spirurina|Spiruromorpha|Filarioidea|Onchocercidae|Brugia|Brugia malayi,6,invertebrate_animal
1170767,1170767,Chaetomium strumarium,GCF_033439665.1,ncbi_eukaryotic_genomes,fasta/ncbi_eukaryotic_genomes/batch35.tar,batch35/GCF_033439665.1.fasta.gz,refseq,reference genome,Contig,32422668,32422668,0.555,0.0,https://ftp.ncbi.nlm.nih.gov/genomes/all/GCF/033/439/665/GCF_033439665.1_Achstr1/,Eukaryota,,Fungi,Ascomycota,Sordariomycetes,Sordariales,Chaetomiaceae,Chaetomium,Chaetomium strumarium,root|cellular organisms|Eukaryota|Opisthokonta|Fungi|Dikarya|Ascomycota|saccharomyceta|Pezizomycotina|leotiomyceta|sordariomyceta|Sordariomycetes|Sordariomycetidae|Sordariales|Chaetomiaceae|Chaetomium|Chaetomium strumarium,7,fungus
113115,113115,Rhinopomastus cyanomelas,GCA_013400115.1,ncbi_eukaryotic_genomes,fasta/ncbi_eukaryotic_genomes/batch6.tar,batch6/GCA_013400115.1.fasta.gz,genbank,reference genome,Scaffold,994785294,994785294,0.455,0.0,https://ftp.ncbi.nlm.nih.gov/genomes/all/GCA/013/400/115/GCA_013400115.1_ASM1340011v1/,Eukaryota,,Metazoa,Chordata,Aves,Bucerotiformes,Rhinopomastidae,Rhinopomastus,Rhinopomastus cyanomelas,root|cellular organisms|Eukaryota|Opisthokonta|Metazoa|Eumetazoa|Bilateria|Deuterostomia|Chordata|Craniata|Vertebrata|Gnathostomata|Teleostomi|Euteleostomi|Sarcopterygii|Dipnotetrapodomorpha|Tetrapoda|Amniota|Sauropsida|Sauria|Archelosauria|Archosauria|Dinosauria|Saurischia|Theropoda|Coelurosauria|Aves|Neognathae|Neoaves|Telluraves|Coraciimorphae|Bucerotiformes|Rhinopomastidae|Rhinopomastus|Rhinopomastus cyanomelas,5,non_mammal_vertebrate
206348,206348,Bathymodiolus brooksi,GCA_963680875.1,ncbi_eukaryotic_genomes,fasta/ncbi_eukaryotic_genomes/batch17.tar,batch17/GCA_963680875.1.fasta.gz,genbank,reference genome,Chromosome,2002726235,2002726235,0.35,0.0,https://ftp.ncbi.nlm.nih.gov/genomes/all/GCA/963/680/875/GCA_963680875.1_xbBatBroo1.1/,Eukaryota,,Metazoa,Mollusca,Bivalvia,Mytilida,Modiolidae,Bathymodiolus,Bathymodiolus brooksi,root|cellular organisms|Eukaryota|Opisthokonta|Metazoa|Eumetazoa|Bilateria|Protostomia|Spiralia|Lophotrochozoa|Mollusca|Bivalvia|Autobranchia|Pteriomorphia|Mytilida|Mytiloidea|Modiolidae|Bathymodiolinae|Bathymodiolus|Bathymodiolus brooksi,6,invertebrate_animal
1425443,1425443,Neotoxoptera formosana,GCA_022818045.1,ncbi_eukaryotic_genomes,fasta/ncbi_eukaryotic_genomes/batch14.tar,batch14/GCA_022818045.1.fasta.gz,genbank,reference genome,Chromosome,371791193,371791193,0.31,0.0,https://ftp.ncbi.nlm.nih.gov/genomes/all/GCA/022/818/045/GCA_022818045.1_ASM2281804v1/,Eukaryota,,Metazoa,Arthropoda,Insecta,Hemiptera,Aphididae,Neotoxoptera,Neotoxoptera formosana,root|cellular organisms|Eukaryota|Opisthokonta|Metazoa|Eumetazoa|Bilateria|Protostomia|Ecdysozoa|Panarthropoda|Arthropoda|Mandibulata|Pancrustacea|Altocrustacea|Allotriocarida|Hexapoda|Insecta|Dicondylia|Pterygota|Neoptera|Eumetabola|Paraneoptera|Hemiptera|Sternorrhyncha|Aphidomorpha|Aphidoidea|Aphididae|Aphidinae|Macrosiphini|Neotoxoptera|Neotoxoptera formosana,6,invertebrate_animal
986101,986101,Callocephalon fimbriatum,GCA_024363025.1,ncbi_eukaryotic_genomes,fasta/ncbi_eukaryotic_genomes/batch20.tar,batch20/GCA_024363025.1.fasta.gz,genbank,reference genome,Scaffold,1101422322,1101422322,0.41,0.0,https://ftp.ncbi.nlm.nih.gov/genomes/all/GCA/024/363/025/GCA_024363025.1_ASM2436302v1/,Eukaryota,,Metazoa,Chordata,Aves,Psittaciformes,Psittacidae,Callocephalon,Callocephalon fimbriatum,root|cellular organisms|Eukaryota|Opisthokonta|Metazoa|Eumetazoa|Bilateria|Deuterostomia|Chordata|Craniata|Vertebrata|Gnathostomata|Teleostomi|Euteleostomi|Sarcopterygii|Dipnotetrapodomorpha|Tetrapoda|Amniota|Sauropsida|Sauria|Archelosauria|Archosauria|Dinosauria|Saurischia|Theropoda|Coelurosauria|Aves|Neognathae|Neoaves|Telluraves|Australaves|Psittaciformes|Psittacidae|Callocephalon|Callocephalon fimbriatum,5,non_mammal_vertebrate
1001937,1001937,Hypoxylon sp. EC38,GCA_002120335.1,ncbi_eukaryotic_genomes,fasta/ncbi_eukaryotic_genomes/batch61.tar,batch61/GCA_002120335.1.fasta.gz,genbank,na,Scaffold,47717833,47717833,0.4,0.0,https://ftp.ncbi.nlm.nih.gov/genomes/all/GCA/002/120/335/GCA_002120335.1_HypEC38_v3.0/,Eukaryota,,Fungi,Ascomycota,Sordariomycetes,Xylariales,Hypoxylaceae,Hypoxylon,Hypoxylon sp. EC38,root|cellular organisms|Eukaryota|Opisthokonta|Fungi|Dikarya|Ascomycota|saccharomyceta|Pezizomycotina|leotiomyceta|sordariomyceta|Sordariomycetes|Xylariomycetidae|Xylariales|Hypoxylaceae|Hypoxylon|unclassified Hypoxylon|Hypoxylon sp. EC38,7,fungus
7141,7141,Choristoneura fumiferana,GCA_025370935.1,ncbi_eukaryotic_genomes,fasta/ncbi_eukaryotic_genomes/batch69.tar,batch69/GCA_025370935.1.fasta.gz,genbank,reference genome,Chromosome,575343295,575343295,0.38,0.0,https://ftp.ncbi.nlm.nih.gov/genomes/all/GCA/025/370/935/GCA_025370935.1_NRCan_CFum_1/,Eukaryota,,Metazoa,Arthropoda,Insecta,Lepidoptera,Tortricidae,Choristoneura,Choristoneura fumiferana,root|cellular organisms|Eukaryota|Opisthokonta|Metazoa|Eumetazoa|Bilateria|Protostomia|Ecdysozoa|Panarthropoda|Arthropoda|Mandibulata|Pancrustacea|Altocrustacea|Allotriocarida|Hexapoda|Insecta|Dicondylia|Pterygota|Neoptera|Eumetabola|Endopterygota|Aparaglossata|Panorpida|Amphiesmenoptera|Lepidoptera|Glossata|Neolepidoptera|Heteroneura|Ditrysia|Apoditrysia|Tortricoidea|Tortricidae|Tortricinae|Archipini|Choristoneura|Choristoneura fumiferana,6,invertebrate_animal
40563,40563,Sporobolomyces roseus,GCA_016617785.1,ncbi_eukaryotic_genomes,fasta/ncbi_eukaryotic_genomes/batch65.tar,batch65/GCA_016617785.1.fasta.gz,genbank,reference genome,Contig,22396975,22396975,0.495,0.0,https://ftp.ncbi.nlm.nih.gov/genomes/all/GCA/016/617/785/GCA_016617785.1_ASM1661778v1/,Eukaryota,,Fungi,Basidiomycota,Microbotryomycetes,Sporidiobolales,Sporidiobolaceae,Sporobolomyces,Sporobolomyces roseus,root|cellular organisms|Eukaryota|Opisthokonta|Fungi|Dikarya|Basidiomycota|Pucciniomycotina|Microbotryomycetes|Sporidiobolales|Sporidiobolaceae|Sporobolomyces|Sporobolomyces roseus,7,fungus
3095451,3095451,Boletus calvinii,GCA_038093355.1,ncbi_eukaryotic_genomes,fasta/ncbi_eukaryotic_genomes/batch83.tar,batch83/GCA_038093355.1.fasta.gz,genbank,reference genome,Scaffold,41892220,41892220,0.5,0.0,https://ftp.ncbi.nlm.nih.gov/genomes/all/GCA/038/093/355/GCA_038093355.1_MICH10006-Boletus-calvinii/,Eukaryota,,Fungi,Basidiomycota,Agaricomycetes,Boletales,Boletaceae,Boletus,Boletus calvinii,root|cellular organisms|Eukaryota|Opisthokonta|Fungi|Dikarya|Basidiomycota|Agaricomycotina|Agaricomycetes|Agaricomycetidae|Boletales|Boletineae|Boletaceae|Boletoideae|Boletus|Boletus calvinii,7,fungus
3240953,3240953,Podaxis mareebaensis,GCA_018524725.1,ncbi_eukaryotic_genomes,fasta/ncbi_eukaryotic_genomes/batch17.tar,batch17/GCA_018524725.1.fasta.gz,genbank,reference genome,Scaffold,37533438,37533438,0.485,0.0,https://ftp.ncbi.nlm.nih.gov/genomes/all/GCA/018/524/725/GCA_018524725.1_ASM1852472v1/,Eukaryota,,Fungi,Basidiomycota,Agaricomycetes,Agaricales,Agaricaceae,Podaxis,Podaxis mareebaensis,root|cellular organisms|Eukaryota|Opisthokonta|Fungi|Dikarya|Basidiomycota|Agaricomycotina|Agaricomycetes|Agaricomycetidae|Agaricales|Agaricineae|Agaricaceae|Podaxis|Podaxis mareebaensis,7,fungus
1316786,1316786,Lachnellula cervina,GCA_007825325.1,ncbi_eukaryotic_genomes,fasta/ncbi_eukaryotic_genomes/batch27.tar,batch27/GCA_007825325.1.fasta.gz,genbank,reference genome,Contig,51373547,51373547,0.415,0.0,https://ftp.ncbi.nlm.nih.gov/genomes/all/GCA/007/825/325/GCA_007825325.1_CFIA_Lcer_EG2017/,Eukaryota,,Fungi,Ascomycota,Leotiomycetes,Helotiales,Lachnaceae,Lachnellula,Lachnellula cervina,root|cellular organisms|Eukaryota|Opisthokonta|Fungi|Dikarya|Ascomycota|saccharomyceta|Pezizomycotina|leotiomyceta|sordariomyceta|Leotiomycetes|Helotiales|Lachnaceae|Lachnellula|Lachnellula cervina,7,fungus
